SET SQL_MODE = "NO_AUTO_VALUE_ON_ZERO";
START TRANSACTION;
SET time_zone = "+00:00";

CREATE TABLE `gunluk_hisse` (
  `id` int(11) NOT NULL,
  `hisse_id` int(11) NOT NULL,
  `alis_maliyeti` varchar(250) NOT NULL,
  `guncel_fiyat` varchar(250) NOT NULL,
  `adet` varchar(250) NOT NULL,
  `kar_zarar` varchar(250) NOT NULL,
  `islem_durumu` tinyint(1) NOT NULL,
  `gun` timestamp NOT NULL DEFAULT current_timestamp()
) ENGINE=InnoDB DEFAULT CHARSET=utf8mb4 COLLATE=utf8mb4_general_ci;


INSERT INTO `gunluk_hisse` (`id`, `hisse_id`, `alis_maliyeti`, `guncel_fiyat`, `adet`, `kar_zarar`, `islem_durumu`, `gun`) VALUES
(2, 1, '10', '20', '100', '10', 0, '2023-11-24 06:51:44'),
(3, 4, '101', '111', '1001', '30', 0, '2023-11-24 06:51:44'),
(4, 5, '10', '111', '100', '40', 0, '2023-11-24 06:51:44'),
(5, 6, '10', '111', '100', '50', 0, '2023-11-24 06:51:44'),
(6, 7, '10', '111', '100', '60', 0, '2023-11-24 06:51:44'),
(7, 8, '10', '111', '100', '70', 0, '2023-11-24 06:51:44'),
(8, 9, '10', '111', '100', '80', 0, '2023-11-24 06:51:44'),
(9, 4, '101', '111', '1001', '30', 0, '2023-11-24 06:51:44'),
(10, 5, '10', '111', '100', '40', 0, '2023-11-24 06:51:44'),
(11, 6, '10', '111', '100', '50', 0, '2023-11-24 06:51:44'),
(12, 7, '10', '111', '100', '60', 0, '2023-11-24 06:51:44'),
(13, 8, '10', '111', '100', '70', 0, '2023-11-24 06:51:44'),
(14, 9, '10', '111', '100', '80', 0, '2023-11-24 06:51:44'),
(15, 4, '101', '111', '1001', '30', 0, '2023-11-24 06:51:44'),
(16, 5, '10', '111', '100', '40', 0, '2023-11-24 06:51:44'),
(17, 6, '10', '111', '100', '50', 0, '2023-11-24 06:51:44'),
(18, 7, '10', '111', '100', '60', 0, '2023-11-24 06:51:44'),
(19, 8, '10', '111', '100', '70', 0, '2023-11-24 06:51:44'),
(20, 9, '10', '111', '100', '80', 0, '2023-11-24 06:51:44'),
(21, 4, '101', '111', '1001', '30', 0, '2023-11-24 06:51:44'),
(22, 5, '10', '111', '100', '40', 0, '2023-11-24 06:51:44'),
(23, 6, '10', '111', '100', '50', 0, '2023-11-24 06:51:44'),
(24, 7, '10', '111', '100', '60', 0, '2023-11-24 06:51:44'),
(25, 8, '10', '111', '100', '70', 0, '2023-11-24 06:51:44'),
(26, 9, '10', '111', '100', '80', 0, '2023-11-24 06:51:44'),
(27, 4, '101', '111', '1001', '30', 0, '2023-11-24 06:51:44'),
(28, 5, '10', '111', '100', '40', 0, '2023-11-24 06:51:44'),
(29, 6, '10', '111', '100', '50', 0, '2023-11-24 06:51:44'),
(30, 7, '10', '111', '100', '60', 0, '2023-11-24 06:51:44'),
(31, 8, '10', '111', '100', '70', 0, '2023-11-24 06:51:44'),
(32, 9, '10', '111', '100', '80', 0, '2023-11-24 06:51:44'),
(33, 4, '101', '111', '1001', '30', 0, '2023-11-24 06:51:44'),
(34, 5, '10', '111', '100', '40', 0, '2023-11-24 06:51:44'),
(35, 6, '10', '111', '100', '50', 0, '2023-11-24 06:51:44'),
(36, 7, '10', '111', '100', '60', 0, '2023-11-24 06:51:44'),
(37, 8, '10', '111', '100', '70', 0, '2023-11-24 06:51:44'),
(38, 9, '10', '111', '100', '80', 0, '2023-11-24 06:51:44'),
(39, 4, '101', '111', '1001', '30', 0, '2023-11-24 06:51:44'),
(40, 5, '10', '111', '100', '40', 0, '2023-11-24 06:51:44'),
(41, 6, '10', '111', '100', '50', 0, '2023-11-24 06:51:44'),
(42, 7, '10', '111', '100', '60', 0, '2023-11-24 06:51:44'),
(43, 8, '10', '111', '100', '70', 0, '2023-11-24 06:51:44'),
(44, 9, '10', '111', '100', '80', 0, '2023-11-24 06:51:44'),
(45, 4, '101', '111', '1001', '30', 0, '2023-11-24 06:51:44'),
(46, 5, '10', '111', '100', '40', 0, '2023-11-24 06:51:44'),
(47, 6, '10', '111', '100', '50', 0, '2023-11-24 06:51:44'),
(48, 7, '10', '111', '100', '60', 0, '2023-11-24 06:51:44'),
(49, 8, '10', '111', '100', '70', 0, '2023-11-24 06:51:44'),
(50, 9, '10', '111', '100', '80', 0, '2023-11-24 06:51:44'),
(51, 4, '101', '111', '1001', '30', 0, '2023-11-24 06:51:44'),
(52, 5, '10', '111', '100', '40', 0, '2023-11-24 06:51:44'),
(53, 6, '10', '111', '100', '50', 0, '2023-11-24 06:51:44'),
(54, 7, '10', '111', '100', '60', 0, '2023-11-24 06:51:44'),
(55, 8, '10', '111', '100', '70', 0, '2023-11-24 06:51:44'),
(56, 9, '10', '111', '100', '80', 0, '2023-11-24 06:51:44'),
(57, 4, '101', '111', '1001', '30', 0, '2023-11-24 06:51:44'),
(58, 5, '10', '111', '100', '40', 0, '2023-11-24 06:51:44'),
(59, 6, '10', '111', '100', '50', 0, '2023-11-24 06:51:44'),
(60, 7, '10', '111', '100', '60', 0, '2023-11-24 06:51:44'),
(61, 8, '10', '111', '100', '70', 0, '2023-11-24 06:51:44'),
(62, 9, '10', '111', '100', '80', 0, '2023-11-24 06:51:44'),
(63, 4, '101', '111', '1001', '30', 0, '2023-11-24 06:51:44'),
(64, 5, '10', '111', '100', '40', 0, '2023-11-24 06:51:44'),
(65, 6, '10', '111', '100', '50', 0, '2023-11-24 06:51:44'),
(66, 7, '10', '111', '100', '60', 0, '2023-11-24 06:51:44'),
(67, 8, '10', '111', '100', '70', 0, '2023-11-24 06:51:44'),
(68, 9, '10', '111', '100', '80', 0, '2023-11-24 06:51:44'),
(69, 4, '101', '111', '1001', '30', 0, '2023-11-24 06:51:44'),
(70, 5, '10', '111', '100', '40', 0, '2023-11-24 06:51:44'),
(71, 6, '10', '111', '100', '50', 0, '2023-11-24 06:51:44'),
(72, 7, '10', '111', '100', '60', 0, '2023-11-24 06:51:44'),
(73, 8, '10', '111', '100', '70', 0, '2023-11-24 06:51:44'),
(74, 9, '10', '111', '100', '80', 0, '2023-11-24 06:51:44'),
(75, 4, '101', '111', '1001', '30', 0, '2023-11-24 06:51:44'),
(76, 5, '10', '111', '100', '40', 0, '2023-11-24 06:51:44'),
(77, 6, '10', '111', '100', '50', 0, '2023-11-24 06:51:44'),
(78, 7, '10', '111', '100', '60', 0, '2023-11-24 06:51:44'),
(79, 8, '10', '111', '100', '70', 0, '2023-11-24 06:51:44'),
(80, 9, '10', '111', '100', '80', 0, '2023-11-24 06:51:44'),
(81, 4, '101', '111', '1001', '30', 0, '2023-11-24 06:51:44'),
(82, 5, '10', '111', '100', '40', 0, '2023-11-24 06:51:44'),
(83, 6, '10', '111', '100', '50', 0, '2023-11-24 06:51:44'),
(84, 7, '10', '111', '100', '60', 0, '2023-11-24 06:51:44'),
(85, 8, '10', '111', '100', '70', 0, '2023-11-24 06:51:44'),
(86, 9, '10', '111', '100', '80', 0, '2023-11-24 06:51:44'),
(87, 4, '101', '111', '1001', '30', 0, '2023-11-24 06:51:44'),
(88, 5, '10', '111', '100', '40', 0, '2023-11-24 06:51:44'),
(89, 6, '10', '111', '100', '50', 0, '2023-11-24 06:51:44'),
(90, 7, '10', '111', '100', '60', 0, '2023-11-24 06:51:44'),
(91, 8, '10', '111', '100', '70', 0, '2023-11-24 06:51:44'),
(92, 9, '10', '111', '100', '80', 0, '2023-11-24 06:51:44'),
(93, 4, '101', '111', '1001', '30', 0, '2023-11-24 06:51:44'),
(94, 5, '10', '111', '100', '40', 0, '2023-11-24 06:51:44'),
(95, 6, '10', '111', '100', '50', 0, '2023-11-24 06:51:44'),
(96, 7, '10', '111', '100', '60', 0, '2023-11-24 06:51:44'),
(97, 8, '10', '111', '100', '70', 0, '2023-11-24 06:51:44'),
(98, 9, '10', '111', '100', '80', 0, '2023-11-24 06:51:44'),
(99, 4, '101', '111', '1001', '30', 0, '2023-11-24 06:51:44'),
(100, 5, '10', '111', '100', '40', 0, '2023-11-24 06:51:44');

CREATE TABLE `haftalik_karzarar` (
  `id` int(11) NOT NULL,
  `tarih` timestamp NOT NULL DEFAULT current_timestamp(),
  `kar_zarar` varchar(250) NOT NULL
) ENGINE=InnoDB DEFAULT CHARSET=utf8mb4 COLLATE=utf8mb4_general_ci;


CREATE TABLE `hisseler` (
  `id` int(11) NOT NULL,
  `hisse_adi` varchar(250) NOT NULL,
  `alis_maliyeti` varchar(250) NOT NULL,
  `guncel_fiyat` varchar(250) NOT NULL,
  `adet` varchar(250) NOT NULL,
  `kar_zarar` varchar(250) NOT NULL,
  `islem_durumu` tinyint(1) NOT NULL DEFAULT 1
) ENGINE=InnoDB DEFAULT CHARSET=utf8mb4 COLLATE=utf8mb4_general_ci;



INSERT INTO `hisseler` (`id`, `hisse_adi`, `alis_maliyeti`, `guncel_fiyat`, `adet`, `kar_zarar`, `islem_durumu`) VALUES
(1, 'otosan', '10', '20', '100', '10', 0),
(2, 'asdasd', '10', '10', '100', '0', 0),
(3, 'asddd', '101', '201', '1001', '20', 0),
(4, 'fcvv', '101', '111', '1001', '30', 0),
(5, 'ert', '10', '111', '100', '40', 0),
(6, 'mnb1', '10', '11', '10', '10', 1),
(7, 'tgb', '10', '12', '12', '24', 1),
(8, 'aer', '10', '13', '10', '30', 1),
(9, 'qwcv', '10', '14', '10', '40', 1),
(10, 'deneme', '10', '15', '10', '50', 1),
(11, 'deneme2', '10', '16', '10', '60', 1);

CREATE TABLE `toplam_gunluk_karzarar` (
  `id` int(11) NOT NULL,
  `kar_zarar` mediumtext NOT NULL,
  `tarih` varchar(250) NOT NULL
) ENGINE=InnoDB DEFAULT CHARSET=utf8mb4 COLLATE=utf8mb4_general_ci;


INSERT INTO `toplam_gunluk_karzarar` (`id`, `kar_zarar`, `tarih`) VALUES
(1, '330', '13'),
(2, '330', '13'),
(3, '330', '13'),
(4, '330', '12'),
(5, '330', '12'),
(6, '330', '12'),
(7, '330', '12'),
(8, '660', '12'),
(9, '-990', '12'),
(10, '-660', '12'),
(11, '-330', '12'),
(12, '0', '12'),
(13, '330', '12'),
(14, '660', '12'),
(15, '990', '12'),
(16, '1320', '12'),
(17, '1650', '12'),
(18, '330', '12'),
(19, '330', '12');


CREATE TABLE `toplam_karzarar` (
  `id` int(11) NOT NULL,
  `kar_zarar` varchar(250) NOT NULL
) ENGINE=InnoDB DEFAULT CHARSET=utf8mb4 COLLATE=utf8mb4_general_ci;


ALTER TABLE `gunluk_hisse`
  ADD PRIMARY KEY (`id`),
  ADD KEY `hisse_id` (`hisse_id`);

ALTER TABLE `haftalik_karzarar`
  ADD PRIMARY KEY (`id`);

ALTER TABLE `hisseler`
  ADD PRIMARY KEY (`id`);

ALTER TABLE `toplam_gunluk_karzarar`
  ADD PRIMARY KEY (`id`);

ALTER TABLE `toplam_karzarar`
  ADD PRIMARY KEY (`id`);


ALTER TABLE `gunluk_hisse`
  MODIFY `id` int(11) NOT NULL AUTO_INCREMENT, AUTO_INCREMENT=938;


ALTER TABLE `haftalik_karzarar`
  MODIFY `id` int(11) NOT NULL AUTO_INCREMENT;


ALTER TABLE `hisseler`
  MODIFY `id` int(11) NOT NULL AUTO_INCREMENT, AUTO_INCREMENT=12;


ALTER TABLE `toplam_gunluk_karzarar`
  MODIFY `id` int(11) NOT NULL AUTO_INCREMENT, AUTO_INCREMENT=144;


ALTER TABLE `toplam_karzarar`
  MODIFY `id` int(11) NOT NULL AUTO_INCREMENT;


ALTER TABLE `gunluk_hisse`
  ADD CONSTRAINT `gunluk_hisse_ibfk_1` FOREIGN KEY (`hisse_id`) REFERENCES `hisseler` (`id`) ON DELETE CASCADE;
COMMIT;


