-- phpMyAdmin SQL Dump
-- version 5.2.1
-- https://www.phpmyadmin.net/
--
-- Anamakine: 127.0.0.1
-- Üretim Zamanı: 12 Kas 2023, 19:07:47
-- Sunucu sürümü: 10.4.28-MariaDB
-- PHP Sürümü: 8.0.28

SET SQL_MODE = "NO_AUTO_VALUE_ON_ZERO";
START TRANSACTION;
SET time_zone = "+00:00";


/*!40101 SET @OLD_CHARACTER_SET_CLIENT=@@CHARACTER_SET_CLIENT */;
/*!40101 SET @OLD_CHARACTER_SET_RESULTS=@@CHARACTER_SET_RESULTS */;
/*!40101 SET @OLD_COLLATION_CONNECTION=@@COLLATION_CONNECTION */;
/*!40101 SET NAMES utf8mb4 */;

--
-- Veritabanı: `borsa_takip`
--

-- --------------------------------------------------------

--
-- Tablo için tablo yapısı `gunluk_hisse`
--

CREATE TABLE `gunluk_hisse` (
  `id` int(11) NOT NULL,
  `hisse_id` int(11) NOT NULL,
  `alis_maliyeti` varchar(250) NOT NULL,
  `guncel_fiyat` varchar(250) NOT NULL,
  `adet` varchar(250) NOT NULL,
  `kar_zarar` varchar(250) NOT NULL,
  `islem_durumu` tinyint(1) NOT NULL
) ENGINE=InnoDB DEFAULT CHARSET=utf8mb4 COLLATE=utf8mb4_general_ci;

--
-- Tablo döküm verisi `gunluk_hisse`
--

INSERT INTO `gunluk_hisse` (`id`, `hisse_id`, `alis_maliyeti`, `guncel_fiyat`, `adet`, `kar_zarar`, `islem_durumu`) VALUES
(2, 1, '10', '20', '100', '10', 0),
(3, 4, '101', '111', '1001', '30', 0),
(4, 5, '10', '111', '100', '40', 0),
(5, 6, '10', '111', '100', '50', 0),
(6, 7, '10', '111', '100', '60', 0),
(7, 8, '10', '111', '100', '70', 0),
(8, 9, '10', '111', '100', '80', 0),
(9, 4, '101', '111', '1001', '30', 0),
(10, 5, '10', '111', '100', '40', 0),
(11, 6, '10', '111', '100', '50', 0),
(12, 7, '10', '111', '100', '60', 0),
(13, 8, '10', '111', '100', '70', 0),
(14, 9, '10', '111', '100', '80', 0),
(15, 4, '101', '111', '1001', '30', 0),
(16, 5, '10', '111', '100', '40', 0),
(17, 6, '10', '111', '100', '50', 0),
(18, 7, '10', '111', '100', '60', 0),
(19, 8, '10', '111', '100', '70', 0),
(20, 9, '10', '111', '100', '80', 0),
(21, 4, '101', '111', '1001', '30', 0),
(22, 5, '10', '111', '100', '40', 0),
(23, 6, '10', '111', '100', '50', 0),
(24, 7, '10', '111', '100', '60', 0),
(25, 8, '10', '111', '100', '70', 0),
(26, 9, '10', '111', '100', '80', 0),
(27, 4, '101', '111', '1001', '30', 0),
(28, 5, '10', '111', '100', '40', 0),
(29, 6, '10', '111', '100', '50', 0),
(30, 7, '10', '111', '100', '60', 0),
(31, 8, '10', '111', '100', '70', 0),
(32, 9, '10', '111', '100', '80', 0),
(33, 4, '101', '111', '1001', '30', 0),
(34, 5, '10', '111', '100', '40', 0),
(35, 6, '10', '111', '100', '50', 0),
(36, 7, '10', '111', '100', '60', 0),
(37, 8, '10', '111', '100', '70', 0),
(38, 9, '10', '111', '100', '80', 0),
(39, 4, '101', '111', '1001', '30', 0),
(40, 5, '10', '111', '100', '40', 0),
(41, 6, '10', '111', '100', '50', 0),
(42, 7, '10', '111', '100', '60', 0),
(43, 8, '10', '111', '100', '70', 0),
(44, 9, '10', '111', '100', '80', 0),
(45, 4, '101', '111', '1001', '30', 0),
(46, 5, '10', '111', '100', '40', 0),
(47, 6, '10', '111', '100', '50', 0),
(48, 7, '10', '111', '100', '60', 0),
(49, 8, '10', '111', '100', '70', 0),
(50, 9, '10', '111', '100', '80', 0),
(51, 4, '101', '111', '1001', '30', 0),
(52, 5, '10', '111', '100', '40', 0),
(53, 6, '10', '111', '100', '50', 0),
(54, 7, '10', '111', '100', '60', 0),
(55, 8, '10', '111', '100', '70', 0),
(56, 9, '10', '111', '100', '80', 0),
(57, 4, '101', '111', '1001', '30', 0),
(58, 5, '10', '111', '100', '40', 0),
(59, 6, '10', '111', '100', '50', 0),
(60, 7, '10', '111', '100', '60', 0),
(61, 8, '10', '111', '100', '70', 0),
(62, 9, '10', '111', '100', '80', 0),
(63, 4, '101', '111', '1001', '30', 0),
(64, 5, '10', '111', '100', '40', 0),
(65, 6, '10', '111', '100', '50', 0),
(66, 7, '10', '111', '100', '60', 0),
(67, 8, '10', '111', '100', '70', 0),
(68, 9, '10', '111', '100', '80', 0),
(69, 4, '101', '111', '1001', '30', 0),
(70, 5, '10', '111', '100', '40', 0),
(71, 6, '10', '111', '100', '50', 0),
(72, 7, '10', '111', '100', '60', 0),
(73, 8, '10', '111', '100', '70', 0),
(74, 9, '10', '111', '100', '80', 0),
(75, 4, '101', '111', '1001', '30', 0),
(76, 5, '10', '111', '100', '40', 0),
(77, 6, '10', '111', '100', '50', 0),
(78, 7, '10', '111', '100', '60', 0),
(79, 8, '10', '111', '100', '70', 0),
(80, 9, '10', '111', '100', '80', 0),
(81, 4, '101', '111', '1001', '30', 0),
(82, 5, '10', '111', '100', '40', 0),
(83, 6, '10', '111', '100', '50', 0),
(84, 7, '10', '111', '100', '60', 0),
(85, 8, '10', '111', '100', '70', 0),
(86, 9, '10', '111', '100', '80', 0),
(87, 4, '101', '111', '1001', '30', 0),
(88, 5, '10', '111', '100', '40', 0),
(89, 6, '10', '111', '100', '50', 0),
(90, 7, '10', '111', '100', '60', 0),
(91, 8, '10', '111', '100', '70', 0),
(92, 9, '10', '111', '100', '80', 0),
(93, 4, '101', '111', '1001', '30', 0),
(94, 5, '10', '111', '100', '40', 0),
(95, 6, '10', '111', '100', '50', 0),
(96, 7, '10', '111', '100', '60', 0),
(97, 8, '10', '111', '100', '70', 0),
(98, 9, '10', '111', '100', '80', 0),
(99, 4, '101', '111', '1001', '30', 0),
(100, 5, '10', '111', '100', '40', 0),
(101, 6, '10', '111', '100', '50', 0),
(102, 7, '10', '111', '100', '60', 0),
(103, 8, '10', '111', '100', '70', 0),
(104, 9, '10', '111', '100', '80', 0),
(105, 4, '101', '111', '1001', '30', 0),
(106, 5, '10', '111', '100', '40', 0),
(107, 6, '10', '111', '100', '50', 0),
(108, 7, '10', '111', '100', '60', 0),
(109, 8, '10', '111', '100', '70', 0),
(110, 9, '10', '111', '100', '80', 0),
(111, 4, '101', '111', '1001', '30', 0),
(112, 5, '10', '111', '100', '40', 0),
(113, 6, '10', '111', '100', '50', 0),
(114, 7, '10', '111', '100', '60', 0),
(115, 8, '10', '111', '100', '70', 0),
(116, 9, '10', '111', '100', '80', 0),
(117, 4, '101', '111', '1001', '30', 0),
(118, 5, '10', '111', '100', '40', 0),
(119, 6, '10', '111', '100', '50', 0),
(120, 7, '10', '111', '100', '60', 0),
(121, 8, '10', '111', '100', '70', 0),
(122, 9, '10', '111', '100', '80', 0),
(123, 4, '101', '111', '1001', '30', 0),
(124, 5, '10', '111', '100', '40', 0),
(125, 6, '10', '111', '100', '50', 0),
(126, 7, '10', '111', '100', '60', 0),
(127, 8, '10', '111', '100', '70', 0),
(128, 9, '10', '111', '100', '80', 0),
(129, 4, '101', '111', '1001', '30', 0),
(130, 5, '10', '111', '100', '40', 0),
(131, 6, '10', '111', '100', '50', 0),
(132, 7, '10', '111', '100', '60', 0),
(133, 8, '10', '111', '100', '70', 0),
(134, 9, '10', '111', '100', '80', 0),
(135, 4, '101', '111', '1001', '30', 0),
(136, 5, '10', '111', '100', '40', 0),
(137, 6, '10', '111', '100', '50', 0),
(138, 7, '10', '111', '100', '60', 0),
(139, 8, '10', '111', '100', '70', 0),
(140, 9, '10', '111', '100', '80', 0),
(141, 4, '101', '111', '1001', '30', 0),
(142, 5, '10', '111', '100', '40', 0),
(143, 6, '10', '111', '100', '50', 0),
(144, 7, '10', '111', '100', '60', 0),
(145, 8, '10', '111', '100', '70', 0),
(146, 9, '10', '111', '100', '80', 0),
(147, 4, '101', '111', '1001', '30', 0),
(148, 5, '10', '111', '100', '40', 0),
(149, 6, '10', '111', '100', '50', 0),
(150, 7, '10', '111', '100', '60', 0),
(151, 8, '10', '111', '100', '70', 0),
(152, 9, '10', '111', '100', '80', 0),
(153, 4, '101', '111', '1001', '30', 0),
(154, 5, '10', '111', '100', '40', 0),
(155, 6, '10', '111', '100', '50', 0),
(156, 7, '10', '111', '100', '60', 0),
(157, 8, '10', '111', '100', '70', 0),
(158, 9, '10', '111', '100', '80', 0),
(159, 4, '101', '111', '1001', '30', 0),
(160, 5, '10', '111', '100', '40', 0),
(161, 6, '10', '111', '100', '50', 0),
(162, 7, '10', '111', '100', '60', 0),
(163, 8, '10', '111', '100', '70', 0),
(164, 9, '10', '111', '100', '80', 0),
(165, 4, '101', '111', '1001', '30', 0),
(166, 5, '10', '111', '100', '40', 0),
(167, 6, '10', '111', '100', '50', 0),
(168, 7, '10', '111', '100', '60', 0),
(169, 8, '10', '111', '100', '70', 0),
(170, 9, '10', '111', '100', '80', 0),
(171, 4, '101', '111', '1001', '30', 0),
(172, 5, '10', '111', '100', '40', 0),
(173, 6, '10', '111', '100', '50', 0),
(174, 7, '10', '111', '100', '60', 0),
(175, 8, '10', '111', '100', '70', 0),
(176, 9, '10', '111', '100', '80', 0),
(177, 4, '101', '111', '1001', '30', 0),
(178, 5, '10', '111', '100', '40', 0),
(179, 6, '10', '111', '100', '50', 0),
(180, 7, '10', '111', '100', '60', 0),
(181, 8, '10', '111', '100', '70', 0),
(182, 9, '10', '111', '100', '80', 0),
(183, 4, '101', '111', '1001', '30', 0),
(184, 5, '10', '111', '100', '40', 0),
(185, 6, '10', '111', '100', '50', 0),
(186, 7, '10', '111', '100', '60', 0),
(187, 8, '10', '111', '100', '70', 0),
(188, 9, '10', '111', '100', '80', 0),
(189, 4, '101', '111', '1001', '30', 0),
(190, 5, '10', '111', '100', '40', 0),
(191, 6, '10', '111', '100', '50', 0),
(192, 7, '10', '111', '100', '60', 0),
(193, 8, '10', '111', '100', '70', 0),
(194, 9, '10', '111', '100', '80', 0),
(195, 4, '101', '111', '1001', '30', 0),
(196, 5, '10', '111', '100', '40', 0),
(197, 6, '10', '111', '100', '50', 0),
(198, 7, '10', '111', '100', '60', 0),
(199, 8, '10', '111', '100', '70', 0),
(200, 9, '10', '111', '100', '80', 0),
(201, 4, '101', '111', '1001', '30', 0),
(202, 5, '10', '111', '100', '40', 0),
(203, 6, '10', '111', '100', '50', 0),
(204, 7, '10', '111', '100', '60', 0),
(205, 8, '10', '111', '100', '70', 0),
(206, 9, '10', '111', '100', '80', 0),
(207, 4, '101', '111', '1001', '30', 0),
(208, 5, '10', '111', '100', '40', 0),
(209, 6, '10', '111', '100', '50', 0),
(210, 7, '10', '111', '100', '60', 0),
(211, 8, '10', '111', '100', '70', 0),
(212, 9, '10', '111', '100', '80', 0),
(213, 4, '101', '111', '1001', '30', 0),
(214, 5, '10', '111', '100', '40', 0),
(215, 6, '10', '111', '100', '50', 0),
(216, 7, '10', '111', '100', '60', 0),
(217, 8, '10', '111', '100', '70', 0),
(218, 9, '10', '111', '100', '80', 0),
(219, 4, '101', '111', '1001', '30', 0),
(220, 5, '10', '111', '100', '40', 0),
(221, 6, '10', '111', '100', '50', 0),
(222, 7, '10', '111', '100', '60', 0),
(223, 8, '10', '111', '100', '70', 0),
(224, 9, '10', '111', '100', '80', 0),
(225, 4, '101', '111', '1001', '30', 0),
(226, 5, '10', '111', '100', '40', 0),
(227, 6, '10', '111', '100', '50', 0),
(228, 7, '10', '111', '100', '60', 0),
(229, 8, '10', '111', '100', '70', 0),
(230, 9, '10', '111', '100', '80', 0),
(231, 4, '101', '111', '1001', '30', 0),
(232, 5, '10', '111', '100', '40', 0),
(233, 6, '10', '111', '100', '50', 0),
(234, 7, '10', '111', '100', '60', 0),
(235, 8, '10', '111', '100', '70', 0),
(236, 9, '10', '111', '100', '80', 0),
(237, 4, '101', '111', '1001', '30', 0),
(238, 5, '10', '111', '100', '40', 0),
(239, 6, '10', '111', '100', '50', 0),
(240, 7, '10', '111', '100', '60', 0),
(241, 8, '10', '111', '100', '70', 0),
(242, 9, '10', '111', '100', '80', 0),
(243, 4, '101', '111', '1001', '30', 0),
(244, 5, '10', '111', '100', '40', 0),
(245, 6, '10', '111', '100', '50', 0),
(246, 7, '10', '111', '100', '60', 0),
(247, 8, '10', '111', '100', '70', 0),
(248, 9, '10', '111', '100', '80', 0),
(249, 4, '101', '111', '1001', '30', 0),
(250, 5, '10', '111', '100', '40', 0),
(251, 6, '10', '111', '100', '50', 0),
(252, 7, '10', '111', '100', '60', 0),
(253, 8, '10', '111', '100', '70', 0),
(254, 9, '10', '111', '100', '80', 0),
(255, 4, '101', '111', '1001', '30', 0),
(256, 5, '10', '111', '100', '40', 0),
(257, 6, '10', '111', '100', '50', 0),
(258, 7, '10', '111', '100', '60', 0),
(259, 8, '10', '111', '100', '70', 0),
(260, 9, '10', '111', '100', '80', 0),
(261, 4, '101', '111', '1001', '30', 0),
(262, 5, '10', '111', '100', '40', 0),
(263, 6, '10', '111', '100', '50', 0),
(264, 7, '10', '111', '100', '60', 0),
(265, 8, '10', '111', '100', '70', 0),
(266, 9, '10', '111', '100', '80', 0),
(267, 4, '101', '111', '1001', '30', 0),
(268, 5, '10', '111', '100', '40', 0),
(269, 6, '10', '111', '100', '50', 0),
(270, 7, '10', '111', '100', '60', 0),
(271, 8, '10', '111', '100', '70', 0),
(272, 9, '10', '111', '100', '80', 0),
(273, 4, '101', '111', '1001', '30', 0),
(274, 5, '10', '111', '100', '40', 0),
(275, 6, '10', '111', '100', '50', 0),
(276, 7, '10', '111', '100', '60', 0),
(277, 8, '10', '111', '100', '70', 0),
(278, 9, '10', '111', '100', '80', 0),
(279, 4, '101', '111', '1001', '30', 0),
(280, 5, '10', '111', '100', '40', 0),
(281, 6, '10', '111', '100', '50', 0),
(282, 7, '10', '111', '100', '60', 0),
(283, 8, '10', '111', '100', '70', 0),
(284, 9, '10', '111', '100', '80', 0),
(285, 10, '10', '11', '111', '111', 0),
(286, 4, '101', '111', '1001', '30', 0),
(287, 5, '10', '111', '100', '40', 0),
(288, 6, '10', '111', '100', '50', 0),
(289, 7, '10', '111', '100', '60', 0),
(290, 8, '10', '111', '100', '70', 0),
(291, 9, '10', '111', '100', '80', 0),
(292, 10, '10', '11', '111', '111', 0),
(293, 4, '101', '111', '1001', '30', 0),
(294, 5, '10', '111', '100', '40', 0),
(295, 6, '10', '111', '100', '50', 0),
(296, 7, '10', '111', '100', '60', 0),
(297, 8, '10', '111', '100', '70', 0),
(298, 9, '10', '111', '100', '80', 0),
(299, 10, '10', '11', '111', '111', 0),
(300, 5, '10', '111', '100', '40', 0),
(301, 6, '10', '111', '100', '50', 0),
(302, 7, '10', '111', '100', '60', 0),
(303, 8, '10', '111', '100', '70', 0),
(304, 9, '10', '111', '100', '80', 0),
(305, 10, '10', '11', '111', '111', 0),
(306, 5, '10', '111', '100', '40', 0),
(307, 6, '10', '111', '100', '50', 0),
(308, 7, '10', '111', '100', '60', 0),
(309, 8, '10', '111', '100', '70', 0),
(310, 9, '10', '111', '100', '80', 0),
(311, 10, '10', '11', '111', '111', 0),
(312, 6, '10', '111', '100', '50', 0),
(313, 7, '10', '111', '100', '60', 0),
(314, 8, '10', '111', '100', '70', 0),
(315, 9, '10', '111', '100', '80', 0),
(316, 10, '10', '11', '111', '111', 0),
(317, 6, '10', '111', '100', '50', 0),
(318, 7, '10', '111', '100', '60', 0),
(319, 8, '10', '111', '100', '70', 0),
(320, 9, '10', '111', '100', '80', 0),
(321, 10, '10', '11', '111', '111', 0),
(322, 6, '10', '111', '100', '50', 0),
(323, 7, '10', '111', '100', '60', 0),
(324, 8, '10', '111', '100', '70', 0),
(325, 9, '10', '111', '100', '80', 0),
(326, 10, '10', '11', '111', '111', 0),
(327, 6, '10', '111', '100', '50', 0),
(328, 7, '10', '111', '100', '60', 0),
(329, 8, '10', '111', '100', '70', 0),
(330, 9, '10', '111', '100', '80', 0),
(331, 10, '10', '11', '111', '111', 0);

-- --------------------------------------------------------

--
-- Tablo için tablo yapısı `hisseler`
--

CREATE TABLE `hisseler` (
  `id` int(11) NOT NULL,
  `hisse_adi` varchar(250) NOT NULL,
  `alis_maliyeti` varchar(250) NOT NULL,
  `guncel_fiyat` varchar(250) NOT NULL,
  `adet` varchar(250) NOT NULL,
  `kar_zarar` varchar(250) NOT NULL,
  `islem_durumu` tinyint(1) NOT NULL DEFAULT 1
) ENGINE=InnoDB DEFAULT CHARSET=utf8mb4 COLLATE=utf8mb4_general_ci;

--
-- Tablo döküm verisi `hisseler`
--

INSERT INTO `hisseler` (`id`, `hisse_adi`, `alis_maliyeti`, `guncel_fiyat`, `adet`, `kar_zarar`, `islem_durumu`) VALUES
(1, 'otosan', '10', '20', '100', '10', 0),
(2, 'asdasd', '10', '10', '100', '0', 0),
(3, 'asddd', '101', '201', '1001', '20', 0),
(4, 'fcvv', '101', '111', '1001', '30', 0),
(5, 'ert', '10', '111', '100', '40', 0),
(6, 'mnb', '10', '111', '100', '50', 1),
(7, 'tgb', '10', '111', '100', '60', 1),
(8, 'aer', '10', '111', '100', '70', 1),
(9, 'qwcv', '10', '111', '100', '80', 1),
(10, 'deneme', '10', '11', '111', '111', 1);

-- --------------------------------------------------------

--
-- Tablo için tablo yapısı `toplam_gunluk_karzarar`
--

CREATE TABLE `toplam_gunluk_karzarar` (
  `id` int(11) NOT NULL,
  `kar_zarar` varchar(250) NOT NULL,
  `tarih` varchar(250) NOT NULL
) ENGINE=InnoDB DEFAULT CHARSET=utf8mb4 COLLATE=utf8mb4_general_ci;

--
-- Tablo döküm verisi `toplam_gunluk_karzarar`
--

INSERT INTO `toplam_gunluk_karzarar` (`id`, `kar_zarar`, `tarih`) VALUES
(1, '330', '13'),
(2, '330', '13'),
(3, '330', '13'),
(4, '330', '12'),
(5, '330', '12'),
(6, '330', '12'),
(7, '330', '12'),
(8, '660', '12'),
(9, '-990', '12'),
(10, '-660', '12'),
(11, '-330', '12'),
(12, '0', '12'),
(13, '330', '12'),
(14, '660', '12'),
(15, '990', '12'),
(16, '1320', '12'),
(17, '1650', '12'),
(18, '330', '12'),
(19, '330', '12'),
(20, '330', '12'),
(21, '330', '12'),
(22, '330', '12'),
(23, '330', '12'),
(24, '330', '12'),
(25, '330', '12'),
(26, '330', '12'),
(27, '330', '12'),
(28, '330', '12'),
(29, '330', '12'),
(30, '330', '12'),
(31, '330', '12'),
(32, '660', '12'),
(33, '990', '12'),
(34, '1320', '12'),
(35, '1650', '12'),
(36, '1980', '12'),
(37, '2421', '12'),
(38, '2862', '12'),
(39, '3303', '12'),
(40, '3714', '12'),
(41, '4125', '12'),
(42, '4496', '12'),
(43, '4867', '12'),
(44, '5238', '12'),
(45, '5609', '12');

--
-- Dökümü yapılmış tablolar için indeksler
--

--
-- Tablo için indeksler `gunluk_hisse`
--
ALTER TABLE `gunluk_hisse`
  ADD PRIMARY KEY (`id`),
  ADD KEY `hisse_id` (`hisse_id`);

--
-- Tablo için indeksler `hisseler`
--
ALTER TABLE `hisseler`
  ADD PRIMARY KEY (`id`);

--
-- Tablo için indeksler `toplam_gunluk_karzarar`
--
ALTER TABLE `toplam_gunluk_karzarar`
  ADD PRIMARY KEY (`id`);

--
-- Dökümü yapılmış tablolar için AUTO_INCREMENT değeri
--

--
-- Tablo için AUTO_INCREMENT değeri `gunluk_hisse`
--
ALTER TABLE `gunluk_hisse`
  MODIFY `id` int(11) NOT NULL AUTO_INCREMENT, AUTO_INCREMENT=332;

--
-- Tablo için AUTO_INCREMENT değeri `hisseler`
--
ALTER TABLE `hisseler`
  MODIFY `id` int(11) NOT NULL AUTO_INCREMENT, AUTO_INCREMENT=11;

--
-- Tablo için AUTO_INCREMENT değeri `toplam_gunluk_karzarar`
--
ALTER TABLE `toplam_gunluk_karzarar`
  MODIFY `id` int(11) NOT NULL AUTO_INCREMENT, AUTO_INCREMENT=46;

--
-- Dökümü yapılmış tablolar için kısıtlamalar
--

--
-- Tablo kısıtlamaları `gunluk_hisse`
--
ALTER TABLE `gunluk_hisse`
  ADD CONSTRAINT `gunluk_hisse_ibfk_1` FOREIGN KEY (`hisse_id`) REFERENCES `hisseler` (`id`) ON DELETE CASCADE;
COMMIT;

/*!40101 SET CHARACTER_SET_CLIENT=@OLD_CHARACTER_SET_CLIENT */;
/*!40101 SET CHARACTER_SET_RESULTS=@OLD_CHARACTER_SET_RESULTS */;
/*!40101 SET COLLATION_CONNECTION=@OLD_COLLATION_CONNECTION */;
