-- phpMyAdmin SQL Dump
-- version 5.2.1
-- https://www.phpmyadmin.net/
--
-- Anamakine: 127.0.0.1
-- Üretim Zamanı: 24 Kas 2023, 15:22:16
-- Sunucu sürümü: 10.4.28-MariaDB
-- PHP Sürümü: 8.0.28

SET SQL_MODE = "NO_AUTO_VALUE_ON_ZERO";
START TRANSACTION;
SET time_zone = "+00:00";


/*!40101 SET @OLD_CHARACTER_SET_CLIENT=@@CHARACTER_SET_CLIENT */;
/*!40101 SET @OLD_CHARACTER_SET_RESULTS=@@CHARACTER_SET_RESULTS */;
/*!40101 SET @OLD_COLLATION_CONNECTION=@@COLLATION_CONNECTION */;
/*!40101 SET NAMES utf8mb4 */;

--
-- Veritabanı: `borsa_takip`
--

-- --------------------------------------------------------

--
-- Tablo için tablo yapısı `gunluk_hisse`
--

CREATE TABLE `gunluk_hisse` (
  `id` int(11) NOT NULL,
  `hisse_id` int(11) NOT NULL,
  `alis_maliyeti` varchar(250) NOT NULL,
  `guncel_fiyat` varchar(250) NOT NULL,
  `adet` varchar(250) NOT NULL,
  `kar_zarar` varchar(250) NOT NULL,
  `islem_durumu` tinyint(1) NOT NULL,
  `gun` timestamp NOT NULL DEFAULT current_timestamp()
) ENGINE=InnoDB DEFAULT CHARSET=utf8mb4 COLLATE=utf8mb4_general_ci;

--
-- Tablo döküm verisi `gunluk_hisse`
--

INSERT INTO `gunluk_hisse` (`id`, `hisse_id`, `alis_maliyeti`, `guncel_fiyat`, `adet`, `kar_zarar`, `islem_durumu`, `gun`) VALUES
(2, 1, '10', '20', '100', '10', 0, '2023-11-24 06:51:44'),
(3, 4, '101', '111', '1001', '30', 0, '2023-11-24 06:51:44'),
(4, 5, '10', '111', '100', '40', 0, '2023-11-24 06:51:44'),
(5, 6, '10', '111', '100', '50', 0, '2023-11-24 06:51:44'),
(6, 7, '10', '111', '100', '60', 0, '2023-11-24 06:51:44'),
(7, 8, '10', '111', '100', '70', 0, '2023-11-24 06:51:44'),
(8, 9, '10', '111', '100', '80', 0, '2023-11-24 06:51:44'),
(9, 4, '101', '111', '1001', '30', 0, '2023-11-24 06:51:44'),
(10, 5, '10', '111', '100', '40', 0, '2023-11-24 06:51:44'),
(11, 6, '10', '111', '100', '50', 0, '2023-11-24 06:51:44'),
(12, 7, '10', '111', '100', '60', 0, '2023-11-24 06:51:44'),
(13, 8, '10', '111', '100', '70', 0, '2023-11-24 06:51:44'),
(14, 9, '10', '111', '100', '80', 0, '2023-11-24 06:51:44'),
(15, 4, '101', '111', '1001', '30', 0, '2023-11-24 06:51:44'),
(16, 5, '10', '111', '100', '40', 0, '2023-11-24 06:51:44'),
(17, 6, '10', '111', '100', '50', 0, '2023-11-24 06:51:44'),
(18, 7, '10', '111', '100', '60', 0, '2023-11-24 06:51:44'),
(19, 8, '10', '111', '100', '70', 0, '2023-11-24 06:51:44'),
(20, 9, '10', '111', '100', '80', 0, '2023-11-24 06:51:44'),
(21, 4, '101', '111', '1001', '30', 0, '2023-11-24 06:51:44'),
(22, 5, '10', '111', '100', '40', 0, '2023-11-24 06:51:44'),
(23, 6, '10', '111', '100', '50', 0, '2023-11-24 06:51:44'),
(24, 7, '10', '111', '100', '60', 0, '2023-11-24 06:51:44'),
(25, 8, '10', '111', '100', '70', 0, '2023-11-24 06:51:44'),
(26, 9, '10', '111', '100', '80', 0, '2023-11-24 06:51:44'),
(27, 4, '101', '111', '1001', '30', 0, '2023-11-24 06:51:44'),
(28, 5, '10', '111', '100', '40', 0, '2023-11-24 06:51:44'),
(29, 6, '10', '111', '100', '50', 0, '2023-11-24 06:51:44'),
(30, 7, '10', '111', '100', '60', 0, '2023-11-24 06:51:44'),
(31, 8, '10', '111', '100', '70', 0, '2023-11-24 06:51:44'),
(32, 9, '10', '111', '100', '80', 0, '2023-11-24 06:51:44'),
(33, 4, '101', '111', '1001', '30', 0, '2023-11-24 06:51:44'),
(34, 5, '10', '111', '100', '40', 0, '2023-11-24 06:51:44'),
(35, 6, '10', '111', '100', '50', 0, '2023-11-24 06:51:44'),
(36, 7, '10', '111', '100', '60', 0, '2023-11-24 06:51:44'),
(37, 8, '10', '111', '100', '70', 0, '2023-11-24 06:51:44'),
(38, 9, '10', '111', '100', '80', 0, '2023-11-24 06:51:44'),
(39, 4, '101', '111', '1001', '30', 0, '2023-11-24 06:51:44'),
(40, 5, '10', '111', '100', '40', 0, '2023-11-24 06:51:44'),
(41, 6, '10', '111', '100', '50', 0, '2023-11-24 06:51:44'),
(42, 7, '10', '111', '100', '60', 0, '2023-11-24 06:51:44'),
(43, 8, '10', '111', '100', '70', 0, '2023-11-24 06:51:44'),
(44, 9, '10', '111', '100', '80', 0, '2023-11-24 06:51:44'),
(45, 4, '101', '111', '1001', '30', 0, '2023-11-24 06:51:44'),
(46, 5, '10', '111', '100', '40', 0, '2023-11-24 06:51:44'),
(47, 6, '10', '111', '100', '50', 0, '2023-11-24 06:51:44'),
(48, 7, '10', '111', '100', '60', 0, '2023-11-24 06:51:44'),
(49, 8, '10', '111', '100', '70', 0, '2023-11-24 06:51:44'),
(50, 9, '10', '111', '100', '80', 0, '2023-11-24 06:51:44'),
(51, 4, '101', '111', '1001', '30', 0, '2023-11-24 06:51:44'),
(52, 5, '10', '111', '100', '40', 0, '2023-11-24 06:51:44'),
(53, 6, '10', '111', '100', '50', 0, '2023-11-24 06:51:44'),
(54, 7, '10', '111', '100', '60', 0, '2023-11-24 06:51:44'),
(55, 8, '10', '111', '100', '70', 0, '2023-11-24 06:51:44'),
(56, 9, '10', '111', '100', '80', 0, '2023-11-24 06:51:44'),
(57, 4, '101', '111', '1001', '30', 0, '2023-11-24 06:51:44'),
(58, 5, '10', '111', '100', '40', 0, '2023-11-24 06:51:44'),
(59, 6, '10', '111', '100', '50', 0, '2023-11-24 06:51:44'),
(60, 7, '10', '111', '100', '60', 0, '2023-11-24 06:51:44'),
(61, 8, '10', '111', '100', '70', 0, '2023-11-24 06:51:44'),
(62, 9, '10', '111', '100', '80', 0, '2023-11-24 06:51:44'),
(63, 4, '101', '111', '1001', '30', 0, '2023-11-24 06:51:44'),
(64, 5, '10', '111', '100', '40', 0, '2023-11-24 06:51:44'),
(65, 6, '10', '111', '100', '50', 0, '2023-11-24 06:51:44'),
(66, 7, '10', '111', '100', '60', 0, '2023-11-24 06:51:44'),
(67, 8, '10', '111', '100', '70', 0, '2023-11-24 06:51:44'),
(68, 9, '10', '111', '100', '80', 0, '2023-11-24 06:51:44'),
(69, 4, '101', '111', '1001', '30', 0, '2023-11-24 06:51:44'),
(70, 5, '10', '111', '100', '40', 0, '2023-11-24 06:51:44'),
(71, 6, '10', '111', '100', '50', 0, '2023-11-24 06:51:44'),
(72, 7, '10', '111', '100', '60', 0, '2023-11-24 06:51:44'),
(73, 8, '10', '111', '100', '70', 0, '2023-11-24 06:51:44'),
(74, 9, '10', '111', '100', '80', 0, '2023-11-24 06:51:44'),
(75, 4, '101', '111', '1001', '30', 0, '2023-11-24 06:51:44'),
(76, 5, '10', '111', '100', '40', 0, '2023-11-24 06:51:44'),
(77, 6, '10', '111', '100', '50', 0, '2023-11-24 06:51:44'),
(78, 7, '10', '111', '100', '60', 0, '2023-11-24 06:51:44'),
(79, 8, '10', '111', '100', '70', 0, '2023-11-24 06:51:44'),
(80, 9, '10', '111', '100', '80', 0, '2023-11-24 06:51:44'),
(81, 4, '101', '111', '1001', '30', 0, '2023-11-24 06:51:44'),
(82, 5, '10', '111', '100', '40', 0, '2023-11-24 06:51:44'),
(83, 6, '10', '111', '100', '50', 0, '2023-11-24 06:51:44'),
(84, 7, '10', '111', '100', '60', 0, '2023-11-24 06:51:44'),
(85, 8, '10', '111', '100', '70', 0, '2023-11-24 06:51:44'),
(86, 9, '10', '111', '100', '80', 0, '2023-11-24 06:51:44'),
(87, 4, '101', '111', '1001', '30', 0, '2023-11-24 06:51:44'),
(88, 5, '10', '111', '100', '40', 0, '2023-11-24 06:51:44'),
(89, 6, '10', '111', '100', '50', 0, '2023-11-24 06:51:44'),
(90, 7, '10', '111', '100', '60', 0, '2023-11-24 06:51:44'),
(91, 8, '10', '111', '100', '70', 0, '2023-11-24 06:51:44'),
(92, 9, '10', '111', '100', '80', 0, '2023-11-24 06:51:44'),
(93, 4, '101', '111', '1001', '30', 0, '2023-11-24 06:51:44'),
(94, 5, '10', '111', '100', '40', 0, '2023-11-24 06:51:44'),
(95, 6, '10', '111', '100', '50', 0, '2023-11-24 06:51:44'),
(96, 7, '10', '111', '100', '60', 0, '2023-11-24 06:51:44'),
(97, 8, '10', '111', '100', '70', 0, '2023-11-24 06:51:44'),
(98, 9, '10', '111', '100', '80', 0, '2023-11-24 06:51:44'),
(99, 4, '101', '111', '1001', '30', 0, '2023-11-24 06:51:44'),
(100, 5, '10', '111', '100', '40', 0, '2023-11-24 06:51:44'),
(101, 6, '10', '111', '100', '50', 0, '2023-11-24 06:51:44'),
(102, 7, '10', '111', '100', '60', 0, '2023-11-24 06:51:44'),
(103, 8, '10', '111', '100', '70', 0, '2023-11-24 06:51:44'),
(104, 9, '10', '111', '100', '80', 0, '2023-11-24 06:51:44'),
(105, 4, '101', '111', '1001', '30', 0, '2023-11-24 06:51:44'),
(106, 5, '10', '111', '100', '40', 0, '2023-11-24 06:51:44'),
(107, 6, '10', '111', '100', '50', 0, '2023-11-24 06:51:44'),
(108, 7, '10', '111', '100', '60', 0, '2023-11-24 06:51:44'),
(109, 8, '10', '111', '100', '70', 0, '2023-11-24 06:51:44'),
(110, 9, '10', '111', '100', '80', 0, '2023-11-24 06:51:44'),
(111, 4, '101', '111', '1001', '30', 0, '2023-11-24 06:51:44'),
(112, 5, '10', '111', '100', '40', 0, '2023-11-24 06:51:44'),
(113, 6, '10', '111', '100', '50', 0, '2023-11-24 06:51:44'),
(114, 7, '10', '111', '100', '60', 0, '2023-11-24 06:51:44'),
(115, 8, '10', '111', '100', '70', 0, '2023-11-24 06:51:44'),
(116, 9, '10', '111', '100', '80', 0, '2023-11-24 06:51:44'),
(117, 4, '101', '111', '1001', '30', 0, '2023-11-24 06:51:44'),
(118, 5, '10', '111', '100', '40', 0, '2023-11-24 06:51:44'),
(119, 6, '10', '111', '100', '50', 0, '2023-11-24 06:51:44'),
(120, 7, '10', '111', '100', '60', 0, '2023-11-24 06:51:44'),
(121, 8, '10', '111', '100', '70', 0, '2023-11-24 06:51:44'),
(122, 9, '10', '111', '100', '80', 0, '2023-11-24 06:51:44'),
(123, 4, '101', '111', '1001', '30', 0, '2023-11-24 06:51:44'),
(124, 5, '10', '111', '100', '40', 0, '2023-11-24 06:51:44'),
(125, 6, '10', '111', '100', '50', 0, '2023-11-24 06:51:44'),
(126, 7, '10', '111', '100', '60', 0, '2023-11-24 06:51:44'),
(127, 8, '10', '111', '100', '70', 0, '2023-11-24 06:51:44'),
(128, 9, '10', '111', '100', '80', 0, '2023-11-24 06:51:44'),
(129, 4, '101', '111', '1001', '30', 0, '2023-11-24 06:51:44'),
(130, 5, '10', '111', '100', '40', 0, '2023-11-24 06:51:44'),
(131, 6, '10', '111', '100', '50', 0, '2023-11-24 06:51:44'),
(132, 7, '10', '111', '100', '60', 0, '2023-11-24 06:51:44'),
(133, 8, '10', '111', '100', '70', 0, '2023-11-24 06:51:44'),
(134, 9, '10', '111', '100', '80', 0, '2023-11-24 06:51:44'),
(135, 4, '101', '111', '1001', '30', 0, '2023-11-24 06:51:44'),
(136, 5, '10', '111', '100', '40', 0, '2023-11-24 06:51:44'),
(137, 6, '10', '111', '100', '50', 0, '2023-11-24 06:51:44'),
(138, 7, '10', '111', '100', '60', 0, '2023-11-24 06:51:44'),
(139, 8, '10', '111', '100', '70', 0, '2023-11-24 06:51:44'),
(140, 9, '10', '111', '100', '80', 0, '2023-11-24 06:51:44'),
(141, 4, '101', '111', '1001', '30', 0, '2023-11-24 06:51:44'),
(142, 5, '10', '111', '100', '40', 0, '2023-11-24 06:51:44'),
(143, 6, '10', '111', '100', '50', 0, '2023-11-24 06:51:44'),
(144, 7, '10', '111', '100', '60', 0, '2023-11-24 06:51:44'),
(145, 8, '10', '111', '100', '70', 0, '2023-11-24 06:51:44'),
(146, 9, '10', '111', '100', '80', 0, '2023-11-24 06:51:44'),
(147, 4, '101', '111', '1001', '30', 0, '2023-11-24 06:51:44'),
(148, 5, '10', '111', '100', '40', 0, '2023-11-24 06:51:44'),
(149, 6, '10', '111', '100', '50', 0, '2023-11-24 06:51:44'),
(150, 7, '10', '111', '100', '60', 0, '2023-11-24 06:51:44'),
(151, 8, '10', '111', '100', '70', 0, '2023-11-24 06:51:44'),
(152, 9, '10', '111', '100', '80', 0, '2023-11-24 06:51:44'),
(153, 4, '101', '111', '1001', '30', 0, '2023-11-24 06:51:44'),
(154, 5, '10', '111', '100', '40', 0, '2023-11-24 06:51:44'),
(155, 6, '10', '111', '100', '50', 0, '2023-11-24 06:51:44'),
(156, 7, '10', '111', '100', '60', 0, '2023-11-24 06:51:44'),
(157, 8, '10', '111', '100', '70', 0, '2023-11-24 06:51:44'),
(158, 9, '10', '111', '100', '80', 0, '2023-11-24 06:51:44'),
(159, 4, '101', '111', '1001', '30', 0, '2023-11-24 06:51:44'),
(160, 5, '10', '111', '100', '40', 0, '2023-11-24 06:51:44'),
(161, 6, '10', '111', '100', '50', 0, '2023-11-24 06:51:44'),
(162, 7, '10', '111', '100', '60', 0, '2023-11-24 06:51:44'),
(163, 8, '10', '111', '100', '70', 0, '2023-11-24 06:51:44'),
(164, 9, '10', '111', '100', '80', 0, '2023-11-24 06:51:44'),
(165, 4, '101', '111', '1001', '30', 0, '2023-11-24 06:51:44'),
(166, 5, '10', '111', '100', '40', 0, '2023-11-24 06:51:44'),
(167, 6, '10', '111', '100', '50', 0, '2023-11-24 06:51:44'),
(168, 7, '10', '111', '100', '60', 0, '2023-11-24 06:51:44'),
(169, 8, '10', '111', '100', '70', 0, '2023-11-24 06:51:44'),
(170, 9, '10', '111', '100', '80', 0, '2023-11-24 06:51:44'),
(171, 4, '101', '111', '1001', '30', 0, '2023-11-24 06:51:44'),
(172, 5, '10', '111', '100', '40', 0, '2023-11-24 06:51:44'),
(173, 6, '10', '111', '100', '50', 0, '2023-11-24 06:51:44'),
(174, 7, '10', '111', '100', '60', 0, '2023-11-24 06:51:44'),
(175, 8, '10', '111', '100', '70', 0, '2023-11-24 06:51:44'),
(176, 9, '10', '111', '100', '80', 0, '2023-11-24 06:51:44'),
(177, 4, '101', '111', '1001', '30', 0, '2023-11-24 06:51:44'),
(178, 5, '10', '111', '100', '40', 0, '2023-11-24 06:51:44'),
(179, 6, '10', '111', '100', '50', 0, '2023-11-24 06:51:44'),
(180, 7, '10', '111', '100', '60', 0, '2023-11-24 06:51:44'),
(181, 8, '10', '111', '100', '70', 0, '2023-11-24 06:51:44'),
(182, 9, '10', '111', '100', '80', 0, '2023-11-24 06:51:44'),
(183, 4, '101', '111', '1001', '30', 0, '2023-11-24 06:51:44'),
(184, 5, '10', '111', '100', '40', 0, '2023-11-24 06:51:44'),
(185, 6, '10', '111', '100', '50', 0, '2023-11-24 06:51:44'),
(186, 7, '10', '111', '100', '60', 0, '2023-11-24 06:51:44'),
(187, 8, '10', '111', '100', '70', 0, '2023-11-24 06:51:44'),
(188, 9, '10', '111', '100', '80', 0, '2023-11-24 06:51:44'),
(189, 4, '101', '111', '1001', '30', 0, '2023-11-24 06:51:44'),
(190, 5, '10', '111', '100', '40', 0, '2023-11-24 06:51:44'),
(191, 6, '10', '111', '100', '50', 0, '2023-11-24 06:51:44'),
(192, 7, '10', '111', '100', '60', 0, '2023-11-24 06:51:44'),
(193, 8, '10', '111', '100', '70', 0, '2023-11-24 06:51:44'),
(194, 9, '10', '111', '100', '80', 0, '2023-11-24 06:51:44'),
(195, 4, '101', '111', '1001', '30', 0, '2023-11-24 06:51:44'),
(196, 5, '10', '111', '100', '40', 0, '2023-11-24 06:51:44'),
(197, 6, '10', '111', '100', '50', 0, '2023-11-24 06:51:44'),
(198, 7, '10', '111', '100', '60', 0, '2023-11-24 06:51:44'),
(199, 8, '10', '111', '100', '70', 0, '2023-11-24 06:51:44'),
(200, 9, '10', '111', '100', '80', 0, '2023-11-24 06:51:44'),
(201, 4, '101', '111', '1001', '30', 0, '2023-11-24 06:51:44'),
(202, 5, '10', '111', '100', '40', 0, '2023-11-24 06:51:44'),
(203, 6, '10', '111', '100', '50', 0, '2023-11-24 06:51:44'),
(204, 7, '10', '111', '100', '60', 0, '2023-11-24 06:51:44'),
(205, 8, '10', '111', '100', '70', 0, '2023-11-24 06:51:44'),
(206, 9, '10', '111', '100', '80', 0, '2023-11-24 06:51:44'),
(207, 4, '101', '111', '1001', '30', 0, '2023-11-24 06:51:44'),
(208, 5, '10', '111', '100', '40', 0, '2023-11-24 06:51:44'),
(209, 6, '10', '111', '100', '50', 0, '2023-11-24 06:51:44'),
(210, 7, '10', '111', '100', '60', 0, '2023-11-24 06:51:44'),
(211, 8, '10', '111', '100', '70', 0, '2023-11-24 06:51:44'),
(212, 9, '10', '111', '100', '80', 0, '2023-11-24 06:51:44'),
(213, 4, '101', '111', '1001', '30', 0, '2023-11-24 06:51:44'),
(214, 5, '10', '111', '100', '40', 0, '2023-11-24 06:51:44'),
(215, 6, '10', '111', '100', '50', 0, '2023-11-24 06:51:44'),
(216, 7, '10', '111', '100', '60', 0, '2023-11-24 06:51:44'),
(217, 8, '10', '111', '100', '70', 0, '2023-11-24 06:51:44'),
(218, 9, '10', '111', '100', '80', 0, '2023-11-24 06:51:44'),
(219, 4, '101', '111', '1001', '30', 0, '2023-11-24 06:51:44'),
(220, 5, '10', '111', '100', '40', 0, '2023-11-24 06:51:44'),
(221, 6, '10', '111', '100', '50', 0, '2023-11-24 06:51:44'),
(222, 7, '10', '111', '100', '60', 0, '2023-11-24 06:51:44'),
(223, 8, '10', '111', '100', '70', 0, '2023-11-24 06:51:44'),
(224, 9, '10', '111', '100', '80', 0, '2023-11-24 06:51:44'),
(225, 4, '101', '111', '1001', '30', 0, '2023-11-24 06:51:44'),
(226, 5, '10', '111', '100', '40', 0, '2023-11-24 06:51:44'),
(227, 6, '10', '111', '100', '50', 0, '2023-11-24 06:51:44'),
(228, 7, '10', '111', '100', '60', 0, '2023-11-24 06:51:44'),
(229, 8, '10', '111', '100', '70', 0, '2023-11-24 06:51:44'),
(230, 9, '10', '111', '100', '80', 0, '2023-11-24 06:51:44'),
(231, 4, '101', '111', '1001', '30', 0, '2023-11-24 06:51:44'),
(232, 5, '10', '111', '100', '40', 0, '2023-11-24 06:51:44'),
(233, 6, '10', '111', '100', '50', 0, '2023-11-24 06:51:44'),
(234, 7, '10', '111', '100', '60', 0, '2023-11-24 06:51:44'),
(235, 8, '10', '111', '100', '70', 0, '2023-11-24 06:51:44'),
(236, 9, '10', '111', '100', '80', 0, '2023-11-24 06:51:44'),
(237, 4, '101', '111', '1001', '30', 0, '2023-11-24 06:51:44'),
(238, 5, '10', '111', '100', '40', 0, '2023-11-24 06:51:44'),
(239, 6, '10', '111', '100', '50', 0, '2023-11-24 06:51:44'),
(240, 7, '10', '111', '100', '60', 0, '2023-11-24 06:51:44'),
(241, 8, '10', '111', '100', '70', 0, '2023-11-24 06:51:44'),
(242, 9, '10', '111', '100', '80', 0, '2023-11-24 06:51:44'),
(243, 4, '101', '111', '1001', '30', 0, '2023-11-24 06:51:44'),
(244, 5, '10', '111', '100', '40', 0, '2023-11-24 06:51:44'),
(245, 6, '10', '111', '100', '50', 0, '2023-11-24 06:51:44'),
(246, 7, '10', '111', '100', '60', 0, '2023-11-24 06:51:44'),
(247, 8, '10', '111', '100', '70', 0, '2023-11-24 06:51:44'),
(248, 9, '10', '111', '100', '80', 0, '2023-11-24 06:51:44'),
(249, 4, '101', '111', '1001', '30', 0, '2023-11-24 06:51:44'),
(250, 5, '10', '111', '100', '40', 0, '2023-11-24 06:51:44'),
(251, 6, '10', '111', '100', '50', 0, '2023-11-24 06:51:44'),
(252, 7, '10', '111', '100', '60', 0, '2023-11-24 06:51:44'),
(253, 8, '10', '111', '100', '70', 0, '2023-11-24 06:51:44'),
(254, 9, '10', '111', '100', '80', 0, '2023-11-24 06:51:44'),
(255, 4, '101', '111', '1001', '30', 0, '2023-11-24 06:51:44'),
(256, 5, '10', '111', '100', '40', 0, '2023-11-24 06:51:44'),
(257, 6, '10', '111', '100', '50', 0, '2023-11-24 06:51:44'),
(258, 7, '10', '111', '100', '60', 0, '2023-11-24 06:51:44'),
(259, 8, '10', '111', '100', '70', 0, '2023-11-24 06:51:44'),
(260, 9, '10', '111', '100', '80', 0, '2023-11-24 06:51:44'),
(261, 4, '101', '111', '1001', '30', 0, '2023-11-24 06:51:44'),
(262, 5, '10', '111', '100', '40', 0, '2023-11-24 06:51:44'),
(263, 6, '10', '111', '100', '50', 0, '2023-11-24 06:51:44'),
(264, 7, '10', '111', '100', '60', 0, '2023-11-24 06:51:44'),
(265, 8, '10', '111', '100', '70', 0, '2023-11-24 06:51:44'),
(266, 9, '10', '111', '100', '80', 0, '2023-11-24 06:51:44'),
(267, 4, '101', '111', '1001', '30', 0, '2023-11-24 06:51:44'),
(268, 5, '10', '111', '100', '40', 0, '2023-11-24 06:51:44'),
(269, 6, '10', '111', '100', '50', 0, '2023-11-24 06:51:44'),
(270, 7, '10', '111', '100', '60', 0, '2023-11-24 06:51:44'),
(271, 8, '10', '111', '100', '70', 0, '2023-11-24 06:51:44'),
(272, 9, '10', '111', '100', '80', 0, '2023-11-24 06:51:44'),
(273, 4, '101', '111', '1001', '30', 0, '2023-11-24 06:51:44'),
(274, 5, '10', '111', '100', '40', 0, '2023-11-24 06:51:44'),
(275, 6, '10', '111', '100', '50', 0, '2023-11-24 06:51:44'),
(276, 7, '10', '111', '100', '60', 0, '2023-11-24 06:51:44'),
(277, 8, '10', '111', '100', '70', 0, '2023-11-24 06:51:44'),
(278, 9, '10', '111', '100', '80', 0, '2023-11-24 06:51:44'),
(279, 4, '101', '111', '1001', '30', 0, '2023-11-24 06:51:44'),
(280, 5, '10', '111', '100', '40', 0, '2023-11-24 06:51:44'),
(281, 6, '10', '111', '100', '50', 0, '2023-11-24 06:51:44'),
(282, 7, '10', '111', '100', '60', 0, '2023-11-24 06:51:44'),
(283, 8, '10', '111', '100', '70', 0, '2023-11-24 06:51:44'),
(284, 9, '10', '111', '100', '80', 0, '2023-11-24 06:51:44'),
(285, 10, '10', '11', '111', '111', 0, '2023-11-24 06:51:44'),
(286, 4, '101', '111', '1001', '30', 0, '2023-11-24 06:51:44'),
(287, 5, '10', '111', '100', '40', 0, '2023-11-24 06:51:44'),
(288, 6, '10', '111', '100', '50', 0, '2023-11-24 06:51:44'),
(289, 7, '10', '111', '100', '60', 0, '2023-11-24 06:51:44'),
(290, 8, '10', '111', '100', '70', 0, '2023-11-24 06:51:44'),
(291, 9, '10', '111', '100', '80', 0, '2023-11-24 06:51:44'),
(292, 10, '10', '11', '111', '111', 0, '2023-11-24 06:51:44'),
(293, 4, '101', '111', '1001', '30', 0, '2023-11-24 06:51:44'),
(294, 5, '10', '111', '100', '40', 0, '2023-11-24 06:51:44'),
(295, 6, '10', '111', '100', '50', 0, '2023-11-24 06:51:44'),
(296, 7, '10', '111', '100', '60', 0, '2023-11-24 06:51:44'),
(297, 8, '10', '111', '100', '70', 0, '2023-11-24 06:51:44'),
(298, 9, '10', '111', '100', '80', 0, '2023-11-24 06:51:44'),
(299, 10, '10', '11', '111', '111', 0, '2023-11-24 06:51:44'),
(300, 5, '10', '111', '100', '40', 0, '2023-11-24 06:51:44'),
(301, 6, '10', '111', '100', '50', 0, '2023-11-24 06:51:44'),
(302, 7, '10', '111', '100', '60', 0, '2023-11-24 06:51:44'),
(303, 8, '10', '111', '100', '70', 0, '2023-11-24 06:51:44'),
(304, 9, '10', '111', '100', '80', 0, '2023-11-24 06:51:44'),
(305, 10, '10', '11', '111', '111', 0, '2023-11-24 06:51:44'),
(306, 5, '10', '111', '100', '40', 0, '2023-11-24 06:51:44'),
(307, 6, '10', '111', '100', '50', 0, '2023-11-24 06:51:44'),
(308, 7, '10', '111', '100', '60', 0, '2023-11-24 06:51:44'),
(309, 8, '10', '111', '100', '70', 0, '2023-11-24 06:51:44'),
(310, 9, '10', '111', '100', '80', 0, '2023-11-24 06:51:44'),
(311, 10, '10', '11', '111', '111', 0, '2023-11-24 06:51:44'),
(312, 6, '10', '111', '100', '50', 0, '2023-11-24 06:51:44'),
(313, 7, '10', '111', '100', '60', 0, '2023-11-24 06:51:44'),
(314, 8, '10', '111', '100', '70', 0, '2023-11-24 06:51:44'),
(315, 9, '10', '111', '100', '80', 0, '2023-11-24 06:51:44'),
(316, 10, '10', '11', '111', '111', 0, '2023-11-24 06:51:44'),
(317, 6, '10', '111', '100', '50', 0, '2023-11-24 06:51:44'),
(318, 7, '10', '111', '100', '60', 0, '2023-11-24 06:51:44'),
(319, 8, '10', '111', '100', '70', 0, '2023-11-24 06:51:44'),
(320, 9, '10', '111', '100', '80', 0, '2023-11-24 06:51:44'),
(321, 10, '10', '11', '111', '111', 0, '2023-11-24 06:51:44'),
(322, 6, '10', '111', '100', '50', 0, '2023-11-24 06:51:44'),
(323, 7, '10', '111', '100', '60', 0, '2023-11-24 06:51:44'),
(324, 8, '10', '111', '100', '70', 0, '2023-11-24 06:51:44'),
(325, 9, '10', '111', '100', '80', 0, '2023-11-24 06:51:44'),
(326, 10, '10', '11', '111', '111', 0, '2023-11-24 06:51:44'),
(327, 6, '10', '111', '100', '50', 0, '2023-11-24 06:51:44'),
(328, 7, '10', '111', '100', '60', 0, '2023-11-24 06:51:44'),
(329, 8, '10', '111', '100', '70', 0, '2023-11-24 06:51:44'),
(330, 9, '10', '111', '100', '80', 0, '2023-11-24 06:51:44'),
(331, 10, '10', '11', '111', '111', 0, '2023-11-24 06:51:44'),
(332, 6, '101', '111199', '10011', '1112202078', 0, '2023-11-24 06:51:44'),
(333, 7, '10', '111', '100', '10100', 0, '2023-11-24 06:51:44'),
(334, 8, '10', '111', '100', '10100', 0, '2023-11-24 06:51:44'),
(335, 9, '10', '111', '100', '10100', 0, '2023-11-24 06:51:44'),
(336, 10, '10', '11', '111', '111', 0, '2023-11-24 06:51:44'),
(337, 11, '101', '111199', '10011', '1112202078', 0, '2023-11-24 06:51:44'),
(338, 6, '101', '111199', '10011', '1112202078', 0, '2023-11-24 06:51:44'),
(339, 7, '10', '111', '100', '10100', 0, '2023-11-24 06:51:44'),
(340, 8, '10', '111', '100', '10100', 0, '2023-11-24 06:51:44'),
(341, 9, '10', '111', '100', '10100', 0, '2023-11-24 06:51:44'),
(342, 10, '10', '11', '111', '111', 0, '2023-11-24 06:51:44'),
(343, 11, '101', '111199', '10011', '1112202078', 0, '2023-11-24 06:51:44'),
(344, 6, '101', '111199', '10011', '1112202078', 0, '2023-11-24 06:51:44'),
(345, 7, '10', '111', '100', '10100', 0, '2023-11-24 06:51:44'),
(346, 8, '10', '111', '100', '10100', 0, '2023-11-24 06:51:44'),
(347, 9, '10', '111', '100', '10100', 0, '2023-11-24 06:51:44'),
(348, 10, '10', '11', '111', '111', 0, '2023-11-24 06:51:44'),
(349, 11, '101', '111199', '10011', '1112202078', 0, '2023-11-24 06:51:44'),
(350, 6, '101', '111199', '10011', '1112202078', 0, '2023-11-24 06:51:44'),
(351, 7, '10', '111', '100', '10100', 0, '2023-11-24 06:51:44'),
(352, 8, '10', '111', '100', '10100', 0, '2023-11-24 06:51:44'),
(353, 9, '10', '111', '100', '10100', 0, '2023-11-24 06:51:44'),
(354, 10, '10', '11', '111', '111', 0, '2023-11-24 06:51:44'),
(355, 11, '101', '111199', '10011', '1112202078', 0, '2023-11-24 06:51:44'),
(356, 6, '101', '111199', '10011', '1112202078', 0, '2023-11-24 06:51:44'),
(357, 7, '10', '111', '100', '10100', 0, '2023-11-24 06:51:44'),
(358, 8, '10', '111', '100', '10100', 0, '2023-11-24 06:51:44'),
(359, 9, '10', '111', '100', '10100', 0, '2023-11-24 06:51:44'),
(360, 10, '10', '11', '111', '111', 0, '2023-11-24 06:51:44'),
(361, 11, '101', '111199', '10011', '1112202078', 0, '2023-11-24 06:51:44'),
(362, 6, '101', '111199', '10011', '1112202078', 0, '2023-11-24 06:51:44'),
(363, 7, '10', '111', '100', '10100', 0, '2023-11-24 06:51:44'),
(364, 8, '10', '111', '100', '10100', 0, '2023-11-24 06:51:44'),
(365, 9, '10', '111', '100', '10100', 0, '2023-11-24 06:51:44'),
(366, 10, '10', '11', '111', '111', 0, '2023-11-24 06:51:44'),
(367, 11, '101', '111199', '10011', '1112202078', 0, '2023-11-24 06:51:44'),
(368, 6, '101', '111199', '10011', '1112202078', 0, '2023-11-24 06:51:44'),
(369, 7, '10', '111', '100', '10100', 0, '2023-11-24 06:51:44'),
(370, 8, '10', '111', '100', '10100', 0, '2023-11-24 06:51:44'),
(371, 9, '10', '111', '100', '10100', 0, '2023-11-24 06:51:44'),
(372, 10, '10', '11', '111', '111', 0, '2023-11-24 06:51:44'),
(373, 11, '101', '111199', '10011', '1112202078', 0, '2023-11-24 06:51:44'),
(374, 6, '101', '111199', '10011', '1112202078', 0, '2023-11-24 06:51:44'),
(375, 7, '10', '111', '100', '10100', 0, '2023-11-24 06:51:44'),
(376, 8, '10', '111', '100', '10100', 0, '2023-11-24 06:51:44'),
(377, 9, '10', '111', '100', '10100', 0, '2023-11-24 06:51:44'),
(378, 10, '10', '11', '111', '111', 0, '2023-11-24 06:51:44'),
(379, 11, '101', '111199', '10011', '1112202078', 0, '2023-11-24 06:51:44'),
(380, 6, '101', '111199', '10011', '1112202078', 0, '2023-11-24 06:56:00'),
(381, 7, '10', '111', '100', '10100', 0, '2023-11-24 06:56:00'),
(382, 8, '10', '111', '100', '10100', 0, '2023-11-24 06:56:00'),
(383, 9, '10', '111', '100', '10100', 0, '2023-11-24 06:56:00'),
(384, 10, '10', '11', '111', '111', 0, '2023-11-24 06:56:00'),
(385, 11, '101', '111199', '10011', '1112202078', 0, '2023-11-24 06:56:00'),
(386, 6, '101', '111199', '10011', '1112202078', 0, '2023-11-24 06:56:01'),
(387, 7, '10', '111', '100', '10100', 0, '2023-11-24 06:56:01'),
(388, 8, '10', '111', '100', '10100', 0, '2023-11-24 06:56:01'),
(389, 9, '10', '111', '100', '10100', 0, '2023-11-24 06:56:01'),
(390, 10, '10', '11', '111', '111', 0, '2023-11-24 06:56:01'),
(391, 11, '101', '111199', '10011', '1112202078', 0, '2023-11-24 06:56:01'),
(392, 6, '101', '111199', '10011', '1112202078', 0, '2023-11-24 06:56:07'),
(393, 7, '10', '111', '100', '10100', 0, '2023-11-24 06:56:07'),
(394, 8, '10', '111', '100', '10100', 0, '2023-11-24 06:56:07'),
(395, 9, '10', '111', '100', '10100', 0, '2023-11-24 06:56:07'),
(396, 10, '10', '11', '111', '111', 0, '2023-11-24 06:56:07'),
(397, 11, '101', '111199', '10011', '1112202078', 0, '2023-11-24 06:56:07'),
(398, 6, '101', '111199', '10011', '1112202078', 0, '2023-11-24 09:07:13'),
(399, 7, '10', '111', '100', '10100', 0, '2023-11-24 09:07:13'),
(400, 8, '10', '111', '100', '10100', 0, '2023-11-24 09:07:13'),
(401, 9, '10', '111', '100', '10100', 0, '2023-11-24 09:07:13'),
(402, 10, '10', '11', '111', '111', 0, '2023-11-24 09:07:13'),
(403, 11, '101', '111199', '10011', '1112202078', 0, '2023-11-24 09:07:13'),
(404, 6, '101', '111199', '10011', '1112202078', 0, '2023-11-24 09:07:37'),
(405, 7, '10', '111', '100', '10100', 0, '2023-11-24 09:07:38'),
(406, 8, '10', '111', '100', '10100', 0, '2023-11-24 09:07:38'),
(407, 9, '10', '111', '100', '10100', 0, '2023-11-24 09:07:38'),
(408, 10, '10', '11', '111', '111', 0, '2023-11-24 09:07:38'),
(409, 11, '101', '111199', '10011', '1112202078', 0, '2023-11-24 09:07:38'),
(410, 6, '101', '111199', '10011', '1112202078', 0, '2023-11-24 09:07:41'),
(411, 7, '10', '111', '100', '10100', 0, '2023-11-24 09:07:41'),
(412, 8, '10', '111', '100', '10100', 0, '2023-11-24 09:07:41'),
(413, 9, '10', '111', '100', '10100', 0, '2023-11-24 09:07:41'),
(414, 10, '10', '11', '111', '111', 0, '2023-11-24 09:07:41'),
(415, 11, '101', '111199', '10011', '1112202078', 0, '2023-11-24 09:07:41'),
(416, 6, '101', '111199', '10011', '1112202078', 0, '2023-11-24 09:07:44'),
(417, 7, '10', '111', '100', '10100', 0, '2023-11-24 09:07:44'),
(418, 8, '10', '111', '100', '10100', 0, '2023-11-24 09:07:44'),
(419, 9, '10', '111', '100', '10100', 0, '2023-11-24 09:07:44'),
(420, 10, '10', '11', '111', '111', 0, '2023-11-24 09:07:44'),
(421, 11, '101', '111199', '10011', '1112202078', 0, '2023-11-24 09:07:44'),
(422, 6, '101', '111199', '10011', '1112202078', 0, '2023-11-24 09:07:53'),
(423, 7, '10', '111', '100', '10100', 0, '2023-11-24 09:07:53'),
(424, 8, '10', '111', '100', '10100', 0, '2023-11-24 09:07:53'),
(425, 9, '10', '111', '100', '10100', 0, '2023-11-24 09:07:53'),
(426, 10, '10', '11', '111', '111', 0, '2023-11-24 09:07:53'),
(427, 11, '101', '111199', '10011', '1112202078', 0, '2023-11-24 09:07:53'),
(428, 6, '101', '111199', '10011', '1112202078', 0, '2023-11-24 09:08:07'),
(429, 7, '10', '111', '100', '10100', 0, '2023-11-24 09:08:07'),
(430, 8, '10', '111', '100', '10100', 0, '2023-11-24 09:08:07'),
(431, 9, '10', '111', '100', '10100', 0, '2023-11-24 09:08:07'),
(432, 10, '10', '11', '111', '111', 0, '2023-11-24 09:08:07'),
(433, 11, '101', '111199', '10011', '1112202078', 0, '2023-11-24 09:08:07'),
(434, 6, '101', '111199', '10011', '1112202078', 0, '2023-11-24 09:12:43'),
(435, 7, '10', '111', '100', '10100', 0, '2023-11-24 09:12:43'),
(436, 8, '10', '111', '100', '10100', 0, '2023-11-24 09:12:43'),
(437, 9, '10', '111', '100', '10100', 0, '2023-11-24 09:12:43'),
(438, 10, '10', '11', '111', '111', 0, '2023-11-24 09:12:43'),
(439, 11, '101', '111199', '10011', '1112202078', 0, '2023-11-24 09:12:43'),
(440, 6, '101', '111199', '10011', '1112202078', 0, '2023-11-24 09:12:46'),
(441, 7, '10', '111', '100', '10100', 0, '2023-11-24 09:12:46'),
(442, 8, '10', '111', '100', '10100', 0, '2023-11-24 09:12:46'),
(443, 9, '10', '111', '100', '10100', 0, '2023-11-24 09:12:46'),
(444, 10, '10', '11', '111', '111', 0, '2023-11-24 09:12:46'),
(445, 11, '101', '111199', '10011', '1112202078', 0, '2023-11-24 09:12:46'),
(446, 6, '101', '111199', '10011', '1112202078', 0, '2023-11-24 09:12:55'),
(447, 7, '10', '111', '100', '10100', 0, '2023-11-24 09:12:55'),
(448, 8, '10', '111', '100', '10100', 0, '2023-11-24 09:12:55'),
(449, 9, '10', '111', '100', '10100', 0, '2023-11-24 09:12:55'),
(450, 10, '10', '11', '111', '111', 0, '2023-11-24 09:12:55'),
(451, 11, '101', '111199', '10011', '1112202078', 0, '2023-11-24 09:12:55'),
(452, 6, '101', '111199', '10011', '1112202078', 0, '2023-11-24 09:17:20'),
(453, 7, '10', '111', '100', '10100', 0, '2023-11-24 09:17:20'),
(454, 8, '10', '111', '100', '10100', 0, '2023-11-24 09:17:20'),
(455, 9, '10', '111', '100', '10100', 0, '2023-11-24 09:17:20'),
(456, 10, '10', '11', '111', '111', 0, '2023-11-24 09:17:20'),
(457, 11, '101', '111199', '10011', '1112202078', 0, '2023-11-24 09:17:20'),
(458, 6, '101', '111199', '10011', '1112202078', 0, '2023-11-24 09:17:25'),
(459, 7, '10', '111', '100', '10100', 0, '2023-11-24 09:17:25'),
(460, 8, '10', '111', '100', '10100', 0, '2023-11-24 09:17:25'),
(461, 9, '10', '111', '100', '10100', 0, '2023-11-24 09:17:25'),
(462, 10, '10', '11', '111', '111', 0, '2023-11-24 09:17:25'),
(463, 11, '101', '111199', '10011', '1112202078', 0, '2023-11-24 09:17:25'),
(464, 6, '101', '111199', '10011', '1112202078', 0, '2023-11-24 09:17:26'),
(465, 7, '10', '111', '100', '10100', 0, '2023-11-24 09:17:26'),
(466, 8, '10', '111', '100', '10100', 0, '2023-11-24 09:17:26'),
(467, 9, '10', '111', '100', '10100', 0, '2023-11-24 09:17:26'),
(468, 10, '10', '11', '111', '111', 0, '2023-11-24 09:17:26'),
(469, 11, '101', '111199', '10011', '1112202078', 0, '2023-11-24 09:17:26'),
(470, 6, '101', '111199', '10011', '0', 0, '2023-11-24 09:18:10'),
(471, 7, '10', '111', '100', '0', 0, '2023-11-24 09:18:10'),
(472, 8, '10', '111', '100', '0', 0, '2023-11-24 09:18:10'),
(473, 9, '10', '111', '100', '0', 0, '2023-11-24 09:18:10'),
(474, 10, '10', '11', '111', '0', 0, '2023-11-24 09:18:10'),
(475, 11, '101', '111199', '10011', '0', 0, '2023-11-24 09:18:10'),
(476, 6, '101', '111199', '10011', '-1112202078', 0, '2023-11-24 09:18:15'),
(477, 7, '10', '111', '100', '-10100', 0, '2023-11-24 09:18:15'),
(478, 8, '10', '111', '100', '-10100', 0, '2023-11-24 09:18:15'),
(479, 9, '10', '111', '100', '-10100', 0, '2023-11-24 09:18:15'),
(480, 10, '10', '11', '111', '-111', 0, '2023-11-24 09:18:15'),
(481, 11, '101', '111199', '10011', '-1112202078', 0, '2023-11-24 09:18:15'),
(482, 6, '101', '111199', '10011', '-2224404156', 0, '2023-11-24 09:18:15'),
(483, 7, '10', '111', '100', '-20200', 0, '2023-11-24 09:18:15'),
(484, 8, '10', '111', '100', '-20200', 0, '2023-11-24 09:18:15'),
(485, 9, '10', '111', '100', '-20200', 0, '2023-11-24 09:18:15'),
(486, 10, '10', '11', '111', '-222', 0, '2023-11-24 09:18:15'),
(487, 11, '101', '111199', '10011', '-2224404156', 0, '2023-11-24 09:18:15'),
(488, 6, '101', '111199', '10011', '-3336606234', 0, '2023-11-24 09:18:15'),
(489, 7, '10', '111', '100', '-30300', 0, '2023-11-24 09:18:15'),
(490, 8, '10', '111', '100', '-30300', 0, '2023-11-24 09:18:15'),
(491, 9, '10', '111', '100', '-30300', 0, '2023-11-24 09:18:15'),
(492, 10, '10', '11', '111', '-333', 0, '2023-11-24 09:18:15'),
(493, 11, '101', '111199', '10011', '-3336606234', 0, '2023-11-24 09:18:15'),
(494, 6, '101', '111199', '10011', '-4448808312', 0, '2023-11-24 09:18:15'),
(495, 7, '10', '111', '100', '-40400', 0, '2023-11-24 09:18:15'),
(496, 8, '10', '111', '100', '-40400', 0, '2023-11-24 09:18:15'),
(497, 9, '10', '111', '100', '-40400', 0, '2023-11-24 09:18:15'),
(498, 10, '10', '11', '111', '-444', 0, '2023-11-24 09:18:15'),
(499, 11, '101', '111199', '10011', '-4448808312', 0, '2023-11-24 09:18:15'),
(500, 6, '101', '111199', '10011', '0', 0, '2023-11-24 09:18:41'),
(501, 7, '10', '111', '100', '-4448848712', 0, '2023-11-24 09:18:41'),
(502, 8, '10', '111', '100', '-4448848712', 0, '2023-11-24 09:18:41'),
(503, 9, '10', '111', '100', '-4448848712', 0, '2023-11-24 09:18:41'),
(504, 10, '10', '11', '111', '-4448808756', 0, '2023-11-24 09:18:41'),
(505, 11, '101', '111199', '10011', '-8897616624', 0, '2023-11-24 09:18:41'),
(506, 6, '101', '111199', '10011', '-4448808312', 0, '2023-11-24 09:18:56'),
(507, 7, '10', '111', '100', '-40400', 0, '2023-11-24 09:18:56'),
(508, 8, '10', '111', '100', '-40400', 0, '2023-11-24 09:18:56'),
(509, 9, '10', '111', '100', '-40400', 0, '2023-11-24 09:18:56'),
(510, 10, '10', '11', '111', '-444', 0, '2023-11-24 09:18:56'),
(511, 11, '101', '111199', '10011', '-4448808312', 0, '2023-11-24 09:18:56'),
(512, 6, '101', '111199', '10011', '0', 0, '2023-11-24 09:19:01'),
(513, 7, '10', '111', '100', '4448767912', 0, '2023-11-24 09:19:01'),
(514, 8, '10', '111', '100', '4448767912', 0, '2023-11-24 09:19:01'),
(515, 9, '10', '111', '100', '4448767912', 0, '2023-11-24 09:19:01'),
(516, 10, '10', '11', '111', '4448807868', 0, '2023-11-24 09:19:01'),
(517, 11, '101', '111199', '10011', '0', 0, '2023-11-24 09:19:01'),
(518, 6, '101', '111199', '10011', '0', 0, '2023-11-24 09:22:44'),
(519, 7, '10', '111', '100', '-4448767912', 0, '2023-11-24 09:22:44'),
(520, 8, '10', '111', '100', '-4448767912', 0, '2023-11-24 09:22:44'),
(521, 9, '10', '111', '100', '-4448767912', 0, '2023-11-24 09:22:44'),
(522, 10, '10', '11', '111', '-4448807868', 0, '2023-11-24 09:22:44'),
(523, 11, '101', '111199', '10011', '0', 0, '2023-11-24 09:22:44'),
(524, 6, '101', '111199', '10011', '0', 0, '2023-11-24 09:22:47'),
(525, 7, '10', '111', '100', '4448767912', 0, '2023-11-24 09:22:47'),
(526, 8, '10', '111', '100', '4448767912', 0, '2023-11-24 09:22:47'),
(527, 9, '10', '111', '100', '4448767912', 0, '2023-11-24 09:22:47'),
(528, 10, '10', '11', '111', '4448807868', 0, '2023-11-24 09:22:47'),
(529, 11, '101', '111199', '10011', '0', 0, '2023-11-24 09:22:47'),
(530, 6, '101', '111199', '10011', '0', 0, '2023-11-24 09:22:51'),
(531, 7, '10', '111', '100', '-4448767912', 0, '2023-11-24 09:22:51'),
(532, 8, '10', '111', '100', '-4448767912', 0, '2023-11-24 09:22:51'),
(533, 9, '10', '111', '100', '-4448767912', 0, '2023-11-24 09:22:51'),
(534, 10, '10', '11', '111', '-4448807868', 0, '2023-11-24 09:22:51'),
(535, 11, '101', '111199', '10011', '0', 0, '2023-11-24 09:22:51'),
(536, 6, '101', '111199', '10011', '0', 0, '2023-11-24 09:22:51'),
(537, 7, '10', '111', '100', '4448767912', 0, '2023-11-24 09:22:51'),
(538, 8, '10', '111', '100', '4448767912', 0, '2023-11-24 09:22:51'),
(539, 9, '10', '111', '100', '4448767912', 0, '2023-11-24 09:22:51'),
(540, 10, '10', '11', '111', '4448807868', 0, '2023-11-24 09:22:51'),
(541, 11, '101', '111199', '10011', '0', 0, '2023-11-24 09:22:51'),
(542, 6, '101', '111199', '10011', '0', 0, '2023-11-24 09:22:52'),
(543, 7, '10', '111', '100', '-4448767912', 0, '2023-11-24 09:22:52'),
(544, 8, '10', '111', '100', '-4448767912', 0, '2023-11-24 09:22:52'),
(545, 9, '10', '111', '100', '-4448767912', 0, '2023-11-24 09:22:52'),
(546, 10, '10', '11', '111', '-4448807868', 0, '2023-11-24 09:22:52'),
(547, 11, '101', '111199', '10011', '0', 0, '2023-11-24 09:22:52'),
(548, 6, '101', '111199', '10011', '0', 0, '2023-11-24 09:22:52'),
(549, 7, '10', '111', '100', '4448767912', 0, '2023-11-24 09:22:52'),
(550, 8, '10', '111', '100', '4448767912', 0, '2023-11-24 09:22:52'),
(551, 9, '10', '111', '100', '4448767912', 0, '2023-11-24 09:22:52'),
(552, 10, '10', '11', '111', '4448807868', 0, '2023-11-24 09:22:52'),
(553, 11, '101', '111199', '10011', '0', 0, '2023-11-24 09:22:52'),
(554, 6, '101', '111199', '10011', '0', 0, '2023-11-24 09:22:52'),
(555, 7, '10', '111', '100', '-4448767912', 0, '2023-11-24 09:22:52'),
(556, 8, '10', '111', '100', '-4448767912', 0, '2023-11-24 09:22:52'),
(557, 9, '10', '111', '100', '-4448767912', 0, '2023-11-24 09:22:52'),
(558, 10, '10', '11', '111', '-4448807868', 0, '2023-11-24 09:22:52'),
(559, 11, '101', '111199', '10011', '0', 0, '2023-11-24 09:22:52'),
(560, 6, '101', '111199', '10011', '0', 0, '2023-11-24 09:22:52'),
(561, 7, '10', '111', '100', '4448767912', 0, '2023-11-24 09:22:52'),
(562, 8, '10', '111', '100', '4448767912', 0, '2023-11-24 09:22:52'),
(563, 9, '10', '111', '100', '4448767912', 0, '2023-11-24 09:22:52'),
(564, 10, '10', '11', '111', '4448807868', 0, '2023-11-24 09:22:52'),
(565, 11, '101', '111199', '10011', '0', 0, '2023-11-24 09:22:52'),
(566, 6, '101', '111199', '10011', '0', 0, '2023-11-24 09:23:18'),
(567, 7, '10', '111', '100', '-4448767912', 0, '2023-11-24 09:23:18'),
(568, 8, '10', '111', '100', '-4448767912', 0, '2023-11-24 09:23:18'),
(569, 9, '10', '111', '100', '-4448767912', 0, '2023-11-24 09:23:18'),
(570, 10, '10', '11', '111', '-4448807868', 0, '2023-11-24 09:23:18'),
(571, 11, '101', '111199', '10011', '0', 0, '2023-11-24 09:23:18'),
(572, 6, '101', '202', '100', '0', 0, '2023-11-24 09:23:26'),
(573, 7, '10', '111', '100', '4448767912', 0, '2023-11-24 09:23:26'),
(574, 8, '10', '111', '100', '4448767912', 0, '2023-11-24 09:23:26'),
(575, 9, '10', '111', '100', '4448767912', 0, '2023-11-24 09:23:26'),
(576, 10, '10', '11', '111', '4448807868', 0, '2023-11-24 09:23:26'),
(577, 11, '101', '111199', '10011', '0', 0, '2023-11-24 09:23:26'),
(578, 6, '101', '202', '100', '0', 0, '2023-11-24 09:23:35'),
(579, 7, '10', '111', '100', '-4448767912', 0, '2023-11-24 09:23:35'),
(580, 8, '10', '111', '100', '-4448767912', 0, '2023-11-24 09:23:35'),
(581, 9, '10', '111', '100', '-4448767912', 0, '2023-11-24 09:23:35'),
(582, 10, '10', '11', '111', '-4448807868', 0, '2023-11-24 09:23:35'),
(583, 11, '101', '111199', '10011', '0', 0, '2023-11-24 09:23:35'),
(584, 6, '101', '202', '100', '0', 0, '2023-11-24 09:26:51'),
(585, 7, '10', '111', '100', '4448767912', 0, '2023-11-24 09:26:51'),
(586, 8, '10', '111', '100', '4448767912', 0, '2023-11-24 09:26:51'),
(587, 9, '10', '111', '100', '4448767912', 0, '2023-11-24 09:26:51'),
(588, 10, '10', '11', '111', '4448807868', 0, '2023-11-24 09:26:51'),
(589, 11, '101', '111199', '10011', '0', 0, '2023-11-24 09:26:51'),
(590, 6, '101', '202', '100', '0', 0, '2023-11-24 09:26:56'),
(591, 7, '10', '111', '100', '-4448767912', 0, '2023-11-24 09:26:56'),
(592, 8, '10', '111', '100', '-4448767912', 0, '2023-11-24 09:26:56'),
(593, 9, '10', '111', '100', '-4448767912', 0, '2023-11-24 09:26:56'),
(594, 10, '10', '11', '111', '-4448807868', 0, '2023-11-24 09:26:56'),
(595, 11, '101', '111199', '10011', '0', 0, '2023-11-24 09:26:56'),
(596, 6, '101', '202', '100', '0', 0, '2023-11-24 09:27:27'),
(597, 7, '10', '111', '100', '-4448767912', 0, '2023-11-24 09:27:27'),
(598, 8, '10', '111', '100', '-4448767912', 0, '2023-11-24 09:27:27'),
(599, 9, '10', '111', '100', '-4448767912', 0, '2023-11-24 09:27:27'),
(600, 10, '10', '11', '111', '-4448807868', 0, '2023-11-24 09:27:27'),
(601, 11, '101', '111199', '10011', '0', 0, '2023-11-24 09:27:27'),
(602, 6, '101', '202', '100', '10100', 0, '2023-11-24 09:29:09'),
(603, 7, '10', '111', '100', '-4448757812', 0, '2023-11-24 09:29:09'),
(604, 8, '10', '111', '100', '-4448757812', 0, '2023-11-24 09:29:09'),
(605, 9, '10', '111', '100', '-4448757812', 0, '2023-11-24 09:29:09'),
(606, 10, '10', '11', '111', '-4448807757', 0, '2023-11-24 09:29:09'),
(607, 11, '101', '111199', '10011', '1112202078', 0, '2023-11-24 09:29:09'),
(608, 6, '101', '202', '100', '20200', 0, '2023-11-24 09:29:13'),
(609, 7, '10', '111', '100', '-4448747712', 0, '2023-11-24 09:29:13'),
(610, 8, '10', '111', '100', '-4448747712', 0, '2023-11-24 09:29:13'),
(611, 9, '10', '111', '100', '-4448747712', 0, '2023-11-24 09:29:13'),
(612, 10, '10', '11', '111', '-4448807646', 0, '2023-11-24 09:29:13'),
(613, 11, '101', '111199', '10011', '2224404156', 0, '2023-11-24 09:29:13'),
(614, 6, '101', '202', '100', '-10100', 0, '2023-11-24 09:35:25'),
(615, 7, '10', '111', '100', '4448757812', 0, '2023-11-24 09:35:25'),
(616, 8, '10', '111', '100', '4448757812', 0, '2023-11-24 09:35:25'),
(617, 9, '10', '111', '100', '4448757812', 0, '2023-11-24 09:35:25'),
(618, 10, '10', '11', '111', '4448807757', 0, '2023-11-24 09:35:25'),
(619, 11, '101', '111199', '10011', '-1112202078', 0, '2023-11-24 09:35:25'),
(620, 6, '101', '202', '100', '20200', 0, '2023-11-24 09:36:55'),
(621, 7, '10', '111', '100', '-4448747712', 0, '2023-11-24 09:36:55'),
(622, 8, '10', '111', '100', '-4448747712', 0, '2023-11-24 09:36:55'),
(623, 9, '10', '111', '100', '-4448747712', 0, '2023-11-24 09:36:55'),
(624, 10, '10', '11', '111', '-4448807646', 0, '2023-11-24 09:36:55'),
(625, 11, '101', '111199', '10011', '2224404156', 0, '2023-11-24 09:36:55'),
(626, 6, '101', '202', '100', '-10100', 0, '2023-11-24 09:37:04'),
(627, 7, '10', '111', '100', '4448757812', 0, '2023-11-24 09:37:04'),
(628, 8, '10', '111', '100', '4448757812', 0, '2023-11-24 09:37:04'),
(629, 9, '10', '111', '100', '4448757812', 0, '2023-11-24 09:37:04'),
(630, 10, '10', '11', '111', '4448807757', 0, '2023-11-24 09:37:04'),
(631, 11, '101', '111199', '10011', '-1112202078', 0, '2023-11-24 09:37:04'),
(632, 6, '10', '11', '10', '10110', 0, '2023-11-24 09:37:15'),
(633, 7, '10', '111', '100', '-4448747712', 0, '2023-11-24 09:37:15'),
(634, 8, '10', '111', '100', '-4448747712', 0, '2023-11-24 09:37:15'),
(635, 9, '10', '111', '100', '-4448747712', 0, '2023-11-24 09:37:15'),
(636, 10, '10', '11', '111', '-4448807646', 0, '2023-11-24 09:37:15'),
(637, 11, '101', '111199', '10011', '2224404156', 0, '2023-11-24 09:37:15'),
(638, 6, '10', '11', '10', '-10100', 0, '2023-11-24 09:37:22'),
(639, 7, '10', '111', '100', '4448757812', 0, '2023-11-24 09:37:22'),
(640, 8, '10', '111', '100', '4448757812', 0, '2023-11-24 09:37:22'),
(641, 9, '10', '111', '100', '4448757812', 0, '2023-11-24 09:37:22'),
(642, 10, '10', '11', '111', '4448807757', 0, '2023-11-24 09:37:22'),
(643, 11, '101', '111199', '10011', '-1112202078', 0, '2023-11-24 09:37:22'),
(644, 6, '10', '11', '10', '10110', 0, '2023-11-24 09:37:25'),
(645, 7, '10', '111', '100', '-4448747712', 0, '2023-11-24 09:37:25'),
(646, 8, '10', '111', '100', '-4448747712', 0, '2023-11-24 09:37:25'),
(647, 9, '10', '111', '100', '-4448747712', 0, '2023-11-24 09:37:25'),
(648, 10, '10', '11', '111', '-4448807646', 0, '2023-11-24 09:37:25'),
(649, 11, '101', '111199', '10011', '2224404156', 0, '2023-11-24 09:37:25'),
(650, 6, '10', '11', '10', '-10100', 0, '2023-11-24 09:37:28'),
(651, 7, '10', '111', '100', '4448757812', 0, '2023-11-24 09:37:28'),
(652, 8, '10', '111', '100', '4448757812', 0, '2023-11-24 09:37:28'),
(653, 9, '10', '111', '100', '4448757812', 0, '2023-11-24 09:37:28'),
(654, 10, '10', '11', '111', '4448807757', 0, '2023-11-24 09:37:28'),
(655, 11, '101', '111199', '10011', '-1112202078', 0, '2023-11-24 09:37:28'),
(656, 6, '10', '11', '10', '10110', 0, '2023-11-24 09:38:59'),
(657, 7, '10', '111', '100', '-4448747712', 0, '2023-11-24 09:38:59'),
(658, 8, '10', '111', '100', '-4448747712', 0, '2023-11-24 09:38:59'),
(659, 9, '10', '111', '100', '-4448747712', 0, '2023-11-24 09:38:59'),
(660, 10, '10', '11', '111', '-4448807646', 0, '2023-11-24 09:38:59'),
(661, 11, '101', '111199', '10011', '2224404156', 0, '2023-11-24 09:38:59'),
(662, 6, '10', '11', '10', '-10100', 0, '2023-11-24 09:39:10'),
(663, 7, '10', '111', '100', '4448757812', 0, '2023-11-24 09:39:10'),
(664, 8, '10', '111', '100', '4448757812', 0, '2023-11-24 09:39:10'),
(665, 9, '10', '111', '100', '4448757812', 0, '2023-11-24 09:39:10'),
(666, 10, '10', '11', '111', '4448807757', 0, '2023-11-24 09:39:10'),
(667, 11, '101', '111199', '10011', '-1112202078', 0, '2023-11-24 09:39:10'),
(668, 6, '10', '11', '10', '10110', 0, '2023-11-24 09:39:10'),
(669, 7, '10', '111', '100', '-4448747712', 0, '2023-11-24 09:39:10'),
(670, 8, '10', '111', '100', '-4448747712', 0, '2023-11-24 09:39:10'),
(671, 9, '10', '111', '100', '-4448747712', 0, '2023-11-24 09:39:10'),
(672, 10, '10', '11', '111', '-4448807646', 0, '2023-11-24 09:39:10'),
(673, 11, '101', '111199', '10011', '2224404156', 0, '2023-11-24 09:39:10'),
(674, 6, '10', '11', '10', '-10100', 0, '2023-11-24 09:39:10'),
(675, 7, '10', '111', '100', '4448757812', 0, '2023-11-24 09:39:10'),
(676, 8, '10', '111', '100', '4448757812', 0, '2023-11-24 09:39:10'),
(677, 9, '10', '111', '100', '4448757812', 0, '2023-11-24 09:39:10'),
(678, 10, '10', '11', '111', '4448807757', 0, '2023-11-24 09:39:10'),
(679, 11, '101', '111199', '10011', '-1112202078', 0, '2023-11-24 09:39:10'),
(680, 6, '10', '11', '10', '10110', 0, '2023-11-24 09:39:10'),
(681, 7, '10', '111', '100', '-4448747712', 0, '2023-11-24 09:39:10'),
(682, 8, '10', '111', '100', '-4448747712', 0, '2023-11-24 09:39:10'),
(683, 9, '10', '111', '100', '-4448747712', 0, '2023-11-24 09:39:10'),
(684, 10, '10', '11', '111', '-4448807646', 0, '2023-11-24 09:39:10'),
(685, 11, '101', '111199', '10011', '2224404156', 0, '2023-11-24 09:39:10'),
(686, 6, '10', '11', '10', '-10100', 0, '2023-11-24 09:39:35'),
(687, 7, '10', '111', '100', '4448757812', 0, '2023-11-24 09:39:35'),
(688, 8, '10', '111', '100', '4448757812', 0, '2023-11-24 09:39:35'),
(689, 9, '10', '111', '100', '4448757812', 0, '2023-11-24 09:39:35'),
(690, 10, '10', '11', '111', '4448807757', 0, '2023-11-24 09:39:35'),
(691, 11, '101', '111199', '10011', '-1112202078', 0, '2023-11-24 09:39:35'),
(692, 6, '10', '11', '10', '10110', 0, '2023-11-24 09:39:38'),
(693, 7, '10', '111', '100', '-4448747712', 0, '2023-11-24 09:39:38'),
(694, 8, '10', '111', '100', '-4448747712', 0, '2023-11-24 09:39:38'),
(695, 9, '10', '111', '100', '-4448747712', 0, '2023-11-24 09:39:38'),
(696, 10, '10', '11', '111', '-4448807646', 0, '2023-11-24 09:39:38'),
(697, 11, '101', '111199', '10011', '2224404156', 0, '2023-11-24 09:39:38'),
(698, 6, '10', '11', '10', '-10100', 0, '2023-11-24 11:53:06'),
(699, 7, '10', '111', '100', '4448757812', 0, '2023-11-24 11:53:06'),
(700, 8, '10', '111', '100', '4448757812', 0, '2023-11-24 11:53:06'),
(701, 9, '10', '111', '100', '4448757812', 0, '2023-11-24 11:53:06'),
(702, 10, '10', '11', '111', '4448807757', 0, '2023-11-24 11:53:06'),
(703, 11, '101', '111199', '10011', '-1112202078', 0, '2023-11-24 11:53:06'),
(704, 6, '10', '11', '10', '10110', 0, '2023-11-24 11:53:10'),
(705, 7, '10', '111', '100', '-4448747712', 0, '2023-11-24 11:53:10'),
(706, 8, '10', '111', '100', '-4448747712', 0, '2023-11-24 11:53:10'),
(707, 9, '10', '111', '100', '-4448747712', 0, '2023-11-24 11:53:10'),
(708, 10, '10', '11', '111', '-4448807646', 0, '2023-11-24 11:53:10'),
(709, 11, '101', '111199', '10011', '2224404156', 0, '2023-11-24 11:53:10'),
(710, 6, '10', '11', '10', '-10100', 0, '2023-11-24 11:53:11'),
(711, 7, '10', '111', '100', '4448757812', 0, '2023-11-24 11:53:11'),
(712, 8, '10', '111', '100', '4448757812', 0, '2023-11-24 11:53:11'),
(713, 9, '10', '111', '100', '4448757812', 0, '2023-11-24 11:53:11'),
(714, 10, '10', '11', '111', '4448807757', 0, '2023-11-24 11:53:11'),
(715, 11, '101', '111199', '10011', '-1112202078', 0, '2023-11-24 11:53:11'),
(716, 6, '10', '11', '10', '10110', 0, '2023-11-24 11:54:03'),
(717, 7, '10', '111', '100', '-4448747712', 0, '2023-11-24 11:54:03'),
(718, 8, '10', '111', '100', '-4448747712', 0, '2023-11-24 11:54:03'),
(719, 9, '10', '111', '100', '-4448747712', 0, '2023-11-24 11:54:03'),
(720, 10, '10', '11', '111', '-4448807646', 0, '2023-11-24 11:54:03'),
(721, 11, '101', '111199', '10011', '2224404156', 0, '2023-11-24 11:54:03'),
(722, 6, '10', '11', '10', '-10100', 0, '2023-11-24 11:55:04'),
(723, 7, '10', '111', '100', '4448757812', 0, '2023-11-24 11:55:04'),
(724, 8, '10', '111', '100', '4448757812', 0, '2023-11-24 11:55:04'),
(725, 9, '10', '111', '100', '4448757812', 0, '2023-11-24 11:55:04'),
(726, 10, '10', '11', '111', '4448807757', 0, '2023-11-24 11:55:04'),
(727, 11, '101', '111199', '10011', '-1112202078', 0, '2023-11-24 11:55:04'),
(728, 6, '10', '11', '10', '10110', 0, '2023-11-24 11:55:14'),
(729, 7, '10', '111', '100', '-4448747712', 0, '2023-11-24 11:55:14'),
(730, 8, '10', '111', '100', '-4448747712', 0, '2023-11-24 11:55:14'),
(731, 9, '10', '111', '100', '-4448747712', 0, '2023-11-24 11:55:14'),
(732, 10, '10', '11', '111', '-4448807646', 0, '2023-11-24 11:55:14'),
(733, 11, '101', '111199', '10011', '2224404156', 0, '2023-11-24 11:55:14'),
(734, 6, '10', '11', '10', '-10100', 0, '2023-11-24 13:50:06'),
(735, 7, '10', '111', '100', '4448757812', 0, '2023-11-24 13:50:06'),
(736, 8, '10', '111', '100', '4448757812', 0, '2023-11-24 13:50:06'),
(737, 9, '10', '111', '100', '4448757812', 0, '2023-11-24 13:50:06'),
(738, 10, '10', '11', '111', '4448807757', 0, '2023-11-24 13:50:06'),
(739, 11, '101', '111199', '10011', '-1112202078', 0, '2023-11-24 13:50:06'),
(740, 6, '10', '11', '10', '10110', 0, '2023-11-24 13:50:09'),
(741, 7, '10', '111', '100', '-4448747712', 0, '2023-11-24 13:50:09'),
(742, 8, '10', '111', '100', '-4448747712', 0, '2023-11-24 13:50:09'),
(743, 9, '10', '111', '100', '-4448747712', 0, '2023-11-24 13:50:09'),
(744, 10, '10', '11', '111', '-4448807646', 0, '2023-11-24 13:50:09'),
(745, 11, '101', '111199', '10011', '2224404156', 0, '2023-11-24 13:50:09'),
(746, 6, '10', '11', '10', '-10100', 0, '2023-11-24 13:55:48'),
(747, 7, '10', '111', '100', '4448757812', 0, '2023-11-24 13:55:48'),
(748, 8, '10', '111', '100', '4448757812', 0, '2023-11-24 13:55:48'),
(749, 9, '10', '111', '100', '4448757812', 0, '2023-11-24 13:55:48'),
(750, 10, '10', '11', '111', '4448807757', 0, '2023-11-24 13:55:48'),
(751, 11, '101', '111199', '10011', '-1112202078', 0, '2023-11-24 13:55:48'),
(752, 6, '10', '11', '10', '10110', 0, '2023-11-24 13:56:01'),
(753, 7, '10', '111', '100', '-4448747712', 0, '2023-11-24 13:56:01'),
(754, 8, '10', '111', '100', '-4448747712', 0, '2023-11-24 13:56:01'),
(755, 9, '10', '111', '100', '-4448747712', 0, '2023-11-24 13:56:01'),
(756, 10, '10', '11', '111', '-4448807646', 0, '2023-11-24 13:56:01'),
(757, 11, '101', '111199', '10011', '2224404156', 0, '2023-11-24 13:56:01'),
(758, 6, '10', '11', '10', '-10100', 0, '2023-11-24 13:56:03'),
(759, 7, '10', '111', '100', '4448757812', 0, '2023-11-24 13:56:03'),
(760, 8, '10', '111', '100', '4448757812', 0, '2023-11-24 13:56:03'),
(761, 9, '10', '111', '100', '4448757812', 0, '2023-11-24 13:56:03'),
(762, 10, '10', '11', '111', '4448807757', 0, '2023-11-24 13:56:03'),
(763, 11, '101', '111199', '10011', '-1112202078', 0, '2023-11-24 13:56:03'),
(764, 6, '10', '11', '10', '10110', 0, '2023-11-24 13:56:04'),
(765, 7, '10', '111', '100', '-4448747712', 0, '2023-11-24 13:56:04'),
(766, 8, '10', '111', '100', '-4448747712', 0, '2023-11-24 13:56:04'),
(767, 9, '10', '111', '100', '-4448747712', 0, '2023-11-24 13:56:04'),
(768, 10, '10', '11', '111', '-4448807646', 0, '2023-11-24 13:56:04'),
(769, 11, '101', '111199', '10011', '2224404156', 0, '2023-11-24 13:56:04'),
(770, 6, '10', '11', '10', '-10100', 0, '2023-11-24 13:56:04'),
(771, 7, '10', '111', '100', '4448757812', 0, '2023-11-24 13:56:04'),
(772, 8, '10', '111', '100', '4448757812', 0, '2023-11-24 13:56:04'),
(773, 9, '10', '111', '100', '4448757812', 0, '2023-11-24 13:56:04'),
(774, 10, '10', '11', '111', '4448807757', 0, '2023-11-24 13:56:04'),
(775, 11, '101', '111199', '10011', '-1112202078', 0, '2023-11-24 13:56:04'),
(776, 6, '10', '11', '10', '10110', 0, '2023-11-24 13:56:05');
INSERT INTO `gunluk_hisse` (`id`, `hisse_id`, `alis_maliyeti`, `guncel_fiyat`, `adet`, `kar_zarar`, `islem_durumu`, `gun`) VALUES
(777, 7, '10', '111', '100', '-4448747712', 0, '2023-11-24 13:56:05'),
(778, 8, '10', '111', '100', '-4448747712', 0, '2023-11-24 13:56:05'),
(779, 9, '10', '111', '100', '-4448747712', 0, '2023-11-24 13:56:05'),
(780, 10, '10', '11', '111', '-4448807646', 0, '2023-11-24 13:56:05'),
(781, 11, '101', '111199', '10011', '2224404156', 0, '2023-11-24 13:56:05'),
(782, 6, '10', '11', '10', '-10100', 0, '2023-11-24 13:56:05'),
(783, 7, '10', '111', '100', '4448757812', 0, '2023-11-24 13:56:05'),
(784, 8, '10', '111', '100', '4448757812', 0, '2023-11-24 13:56:05'),
(785, 9, '10', '111', '100', '4448757812', 0, '2023-11-24 13:56:05'),
(786, 10, '10', '11', '111', '4448807757', 0, '2023-11-24 13:56:05'),
(787, 11, '101', '111199', '10011', '-1112202078', 0, '2023-11-24 13:56:05'),
(788, 6, '10', '11', '10', '10110', 0, '2023-11-24 13:56:06'),
(789, 7, '10', '111', '100', '-4448747712', 0, '2023-11-24 13:56:06'),
(790, 8, '10', '111', '100', '-4448747712', 0, '2023-11-24 13:56:06'),
(791, 9, '10', '111', '100', '-4448747712', 0, '2023-11-24 13:56:06'),
(792, 10, '10', '11', '111', '-4448807646', 0, '2023-11-24 13:56:06'),
(793, 11, '101', '111199', '10011', '2224404156', 0, '2023-11-24 13:56:06'),
(794, 6, '10', '11', '10', '-10100', 0, '2023-11-24 13:56:06'),
(795, 7, '10', '111', '100', '4448757812', 0, '2023-11-24 13:56:06'),
(796, 8, '10', '111', '100', '4448757812', 0, '2023-11-24 13:56:06'),
(797, 9, '10', '111', '100', '4448757812', 0, '2023-11-24 13:56:06'),
(798, 10, '10', '11', '111', '4448807757', 0, '2023-11-24 13:56:06'),
(799, 11, '101', '111199', '10011', '-1112202078', 0, '2023-11-24 13:56:06'),
(800, 6, '10', '11', '10', '10110', 0, '2023-11-24 13:56:21'),
(801, 7, '10', '111', '100', '-4448747712', 0, '2023-11-24 13:56:21'),
(802, 8, '10', '111', '100', '-4448747712', 0, '2023-11-24 13:56:21'),
(803, 9, '10', '111', '100', '-4448747712', 0, '2023-11-24 13:56:21'),
(804, 10, '10', '11', '111', '-4448807646', 0, '2023-11-24 13:56:21'),
(805, 11, '101', '111199', '10011', '2224404156', 0, '2023-11-24 13:56:21'),
(806, 6, '10', '11', '10', '-10100', 0, '2023-11-24 13:56:27'),
(807, 7, '10', '12', '12', '4448747736', 0, '2023-11-24 13:56:27'),
(808, 8, '10', '111', '100', '4448757812', 0, '2023-11-24 13:56:27'),
(809, 9, '10', '111', '100', '4448757812', 0, '2023-11-24 13:56:27'),
(810, 10, '10', '11', '111', '4448807757', 0, '2023-11-24 13:56:27'),
(811, 11, '101', '111199', '10011', '-1112202078', 0, '2023-11-24 13:56:27'),
(812, 6, '10', '11', '10', '10110', 0, '2023-11-24 13:56:32'),
(813, 7, '10', '12', '12', '-4448747712', 0, '2023-11-24 13:56:32'),
(814, 8, '10', '111', '100', '-4448747712', 0, '2023-11-24 13:56:32'),
(815, 9, '10', '111', '100', '-4448747712', 0, '2023-11-24 13:56:32'),
(816, 10, '10', '11', '111', '-4448807646', 0, '2023-11-24 13:56:32'),
(817, 11, '101', '111199', '10011', '2224404156', 0, '2023-11-24 13:56:32'),
(818, 6, '10', '11', '10', '-10100', 0, '2023-11-24 13:56:34'),
(819, 7, '10', '12', '12', '4448747736', 0, '2023-11-24 13:56:34'),
(820, 8, '10', '111', '100', '4448757812', 0, '2023-11-24 13:56:34'),
(821, 9, '10', '111', '100', '4448757812', 0, '2023-11-24 13:56:34'),
(822, 10, '10', '11', '111', '4448807757', 0, '2023-11-24 13:56:34'),
(823, 11, '101', '111199', '10011', '-1112202078', 0, '2023-11-24 13:56:34'),
(824, 6, '10', '11', '10', '10110', 0, '2023-11-24 13:56:40'),
(825, 7, '10', '12', '12', '-4448747712', 0, '2023-11-24 13:56:40'),
(826, 8, '10', '111', '100', '-4448747712', 0, '2023-11-24 13:56:40'),
(827, 9, '10', '111', '100', '-4448747712', 0, '2023-11-24 13:56:40'),
(828, 10, '10', '11', '111', '-4448807646', 0, '2023-11-24 13:56:40'),
(829, 11, '101', '111199', '10011', '2224404156', 0, '2023-11-24 13:56:40'),
(830, 6, '10', '11', '10', '-10100', 0, '2023-11-24 13:56:49'),
(831, 7, '10', '12', '12', '4448747736', 0, '2023-11-24 13:56:49'),
(832, 8, '10', '13', '10', '4448747742', 0, '2023-11-24 13:56:49'),
(833, 9, '10', '111', '100', '4448757812', 0, '2023-11-24 13:56:49'),
(834, 10, '10', '11', '111', '4448807757', 0, '2023-11-24 13:56:49'),
(835, 11, '101', '111199', '10011', '-1112202078', 0, '2023-11-24 13:56:49'),
(836, 6, '10', '11', '10', '10110', 0, '2023-11-24 13:57:13'),
(837, 7, '10', '12', '12', '-4448747712', 0, '2023-11-24 13:57:13'),
(838, 8, '10', '13', '10', '-4448747712', 0, '2023-11-24 13:57:13'),
(839, 9, '10', '111', '100', '-4448747712', 0, '2023-11-24 13:57:13'),
(840, 10, '10', '11', '111', '-4448807646', 0, '2023-11-24 13:57:13'),
(841, 11, '101', '111199', '10011', '2224404156', 0, '2023-11-24 13:57:13'),
(842, 6, '10', '11', '10', '-10100', 0, '2023-11-24 13:57:18'),
(843, 7, '10', '12', '12', '4448747736', 0, '2023-11-24 13:57:18'),
(844, 8, '10', '13', '10', '4448747742', 0, '2023-11-24 13:57:18'),
(845, 9, '10', '14', '10', '4448747752', 0, '2023-11-24 13:57:18'),
(846, 10, '10', '11', '111', '4448807757', 0, '2023-11-24 13:57:18'),
(847, 11, '101', '111199', '10011', '-1112202078', 0, '2023-11-24 13:57:18'),
(848, 6, '10', '11', '10', '10110', 0, '2023-11-24 13:57:21'),
(849, 7, '10', '12', '12', '-4448747712', 0, '2023-11-24 13:57:21'),
(850, 8, '10', '13', '10', '-4448747712', 0, '2023-11-24 13:57:21'),
(851, 9, '10', '14', '10', '-4448747712', 0, '2023-11-24 13:57:21'),
(852, 10, '10', '11', '111', '-4448807646', 0, '2023-11-24 13:57:21'),
(853, 11, '101', '111199', '10011', '2224404156', 0, '2023-11-24 13:57:21'),
(854, 6, '10', '11', '10', '-10100', 0, '2023-11-24 13:57:26'),
(855, 7, '10', '12', '12', '4448747736', 0, '2023-11-24 13:57:26'),
(856, 8, '10', '13', '10', '4448747742', 0, '2023-11-24 13:57:26'),
(857, 9, '10', '14', '10', '4448747752', 0, '2023-11-24 13:57:26'),
(858, 10, '10', '15', '10', '4448807696', 0, '2023-11-24 13:57:26'),
(859, 11, '101', '111199', '10011', '-1112202078', 0, '2023-11-24 13:57:26'),
(860, 6, '10', '11', '10', '10110', 0, '2023-11-24 13:57:27'),
(861, 7, '10', '12', '12', '-4448747712', 0, '2023-11-24 13:57:27'),
(862, 8, '10', '13', '10', '-4448747712', 0, '2023-11-24 13:57:27'),
(863, 9, '10', '14', '10', '-4448747712', 0, '2023-11-24 13:57:27'),
(864, 10, '10', '15', '10', '-4448807646', 0, '2023-11-24 13:57:27'),
(865, 11, '101', '111199', '10011', '2224404156', 0, '2023-11-24 13:57:27'),
(866, 6, '10', '11', '10', '-10100', 0, '2023-11-24 13:57:34'),
(867, 7, '10', '12', '12', '4448747736', 0, '2023-11-24 13:57:34'),
(868, 8, '10', '13', '10', '4448747742', 0, '2023-11-24 13:57:34'),
(869, 9, '10', '14', '10', '4448747752', 0, '2023-11-24 13:57:34'),
(870, 10, '10', '15', '10', '4448807696', 0, '2023-11-24 13:57:34'),
(871, 11, '10', '16', '10', '-2224404096', 0, '2023-11-24 13:57:34'),
(872, 6, '10', '11', '10', '10110', 0, '2023-11-24 13:57:39'),
(873, 7, '10', '12', '12', '-4448747712', 0, '2023-11-24 13:57:39'),
(874, 8, '10', '13', '10', '-4448747712', 0, '2023-11-24 13:57:39'),
(875, 9, '10', '14', '10', '-4448747712', 0, '2023-11-24 13:57:39'),
(876, 10, '10', '15', '10', '-4448807646', 0, '2023-11-24 13:57:39'),
(877, 11, '10', '16', '10', '2224404156', 0, '2023-11-24 13:57:39'),
(878, 6, '10', '11', '10', '-10100', 0, '2023-11-24 14:19:23'),
(879, 7, '10', '12', '12', '4448747736', 0, '2023-11-24 14:19:23'),
(880, 8, '10', '13', '10', '4448747742', 0, '2023-11-24 14:19:23'),
(881, 9, '10', '14', '10', '4448747752', 0, '2023-11-24 14:19:23'),
(882, 10, '10', '15', '10', '4448807696', 0, '2023-11-24 14:19:23'),
(883, 11, '10', '16', '10', '-2224404096', 0, '2023-11-24 14:19:23'),
(884, 6, '10', '11', '10', '10110', 0, '2023-11-24 14:19:23'),
(885, 7, '10', '12', '12', '-4448747712', 0, '2023-11-24 14:19:23'),
(886, 8, '10', '13', '10', '-4448747712', 0, '2023-11-24 14:19:23'),
(887, 9, '10', '14', '10', '-4448747712', 0, '2023-11-24 14:19:23'),
(888, 10, '10', '15', '10', '-4448807646', 0, '2023-11-24 14:19:23'),
(889, 11, '10', '16', '10', '2224404156', 0, '2023-11-24 14:19:23'),
(890, 6, '10', '11', '10', '-10100', 0, '2023-11-24 14:19:24'),
(891, 7, '10', '12', '12', '4448747736', 0, '2023-11-24 14:19:24'),
(892, 8, '10', '13', '10', '4448747742', 0, '2023-11-24 14:19:24'),
(893, 9, '10', '14', '10', '4448747752', 0, '2023-11-24 14:19:24'),
(894, 10, '10', '15', '10', '4448807696', 0, '2023-11-24 14:19:24'),
(895, 11, '10', '16', '10', '-2224404096', 0, '2023-11-24 14:19:24'),
(896, 6, '10', '11', '10', '10110', 0, '2023-11-24 14:19:24'),
(897, 7, '10', '12', '12', '-4448747712', 0, '2023-11-24 14:19:24'),
(898, 8, '10', '13', '10', '-4448747712', 0, '2023-11-24 14:19:24'),
(899, 9, '10', '14', '10', '-4448747712', 0, '2023-11-24 14:19:24'),
(900, 10, '10', '15', '10', '-4448807646', 0, '2023-11-24 14:19:24'),
(901, 11, '10', '16', '10', '2224404156', 0, '2023-11-24 14:19:24'),
(902, 6, '10', '11', '10', '-10100', 0, '2023-11-24 14:19:24'),
(903, 7, '10', '12', '12', '4448747736', 0, '2023-11-24 14:19:24'),
(904, 8, '10', '13', '10', '4448747742', 0, '2023-11-24 14:19:24'),
(905, 9, '10', '14', '10', '4448747752', 0, '2023-11-24 14:19:24'),
(906, 10, '10', '15', '10', '4448807696', 0, '2023-11-24 14:19:24'),
(907, 11, '10', '16', '10', '-2224404096', 0, '2023-11-24 14:19:24'),
(908, 6, '10', '11', '10', '10110', 0, '2023-11-24 14:19:24'),
(909, 7, '10', '12', '12', '-4448747712', 0, '2023-11-24 14:19:24'),
(910, 8, '10', '13', '10', '-4448747712', 0, '2023-11-24 14:19:24'),
(911, 9, '10', '14', '10', '-4448747712', 0, '2023-11-24 14:19:24'),
(912, 10, '10', '15', '10', '-4448807646', 0, '2023-11-24 14:19:24'),
(913, 11, '10', '16', '10', '2224404156', 0, '2023-11-24 14:19:24'),
(914, 6, '10', '11', '10', '-10100', 0, '2023-11-24 14:19:24'),
(915, 7, '10', '12', '12', '4448747736', 0, '2023-11-24 14:19:24'),
(916, 8, '10', '13', '10', '4448747742', 0, '2023-11-24 14:19:24'),
(917, 9, '10', '14', '10', '4448747752', 0, '2023-11-24 14:19:24'),
(918, 10, '10', '15', '10', '4448807696', 0, '2023-11-24 14:19:24'),
(919, 11, '10', '16', '10', '-2224404096', 0, '2023-11-24 14:19:24'),
(920, 6, '10', '11', '10', '10110', 0, '2023-11-24 14:19:24'),
(921, 7, '10', '12', '12', '-4448747712', 0, '2023-11-24 14:19:24'),
(922, 8, '10', '13', '10', '-4448747712', 0, '2023-11-24 14:19:24'),
(923, 9, '10', '14', '10', '-4448747712', 0, '2023-11-24 14:19:24'),
(924, 10, '10', '15', '10', '-4448807646', 0, '2023-11-24 14:19:24'),
(925, 11, '10', '16', '10', '2224404156', 0, '2023-11-24 14:19:24'),
(926, 6, '10', '11', '10', '-10100', 0, '2023-11-24 14:19:25'),
(927, 7, '10', '12', '12', '4448747736', 0, '2023-11-24 14:19:25'),
(928, 8, '10', '13', '10', '4448747742', 0, '2023-11-24 14:19:25'),
(929, 9, '10', '14', '10', '4448747752', 0, '2023-11-24 14:19:25'),
(930, 10, '10', '15', '10', '4448807696', 0, '2023-11-24 14:19:25'),
(931, 11, '10', '16', '10', '-2224404096', 0, '2023-11-24 14:19:25'),
(932, 6, '10', '11', '10', '10110', 0, '2023-11-24 14:19:25'),
(933, 7, '10', '12', '12', '-4448747712', 0, '2023-11-24 14:19:25'),
(934, 8, '10', '13', '10', '-4448747712', 0, '2023-11-24 14:19:25'),
(935, 9, '10', '14', '10', '-4448747712', 0, '2023-11-24 14:19:25'),
(936, 10, '10', '15', '10', '-4448807646', 0, '2023-11-24 14:19:25'),
(937, 11, '10', '16', '10', '2224404156', 0, '2023-11-24 14:19:25');

-- --------------------------------------------------------

--
-- Tablo için tablo yapısı `haftalik_karzarar`
--

CREATE TABLE `haftalik_karzarar` (
  `id` int(11) NOT NULL,
  `tarih` timestamp NOT NULL DEFAULT current_timestamp(),
  `kar_zarar` varchar(250) NOT NULL
) ENGINE=InnoDB DEFAULT CHARSET=utf8mb4 COLLATE=utf8mb4_general_ci;

-- --------------------------------------------------------

--
-- Tablo için tablo yapısı `hisseler`
--

CREATE TABLE `hisseler` (
  `id` int(11) NOT NULL,
  `hisse_adi` varchar(250) NOT NULL,
  `alis_maliyeti` varchar(250) NOT NULL,
  `guncel_fiyat` varchar(250) NOT NULL,
  `adet` varchar(250) NOT NULL,
  `kar_zarar` varchar(250) NOT NULL,
  `islem_durumu` tinyint(1) NOT NULL DEFAULT 1
) ENGINE=InnoDB DEFAULT CHARSET=utf8mb4 COLLATE=utf8mb4_general_ci;

--
-- Tablo döküm verisi `hisseler`
--

INSERT INTO `hisseler` (`id`, `hisse_adi`, `alis_maliyeti`, `guncel_fiyat`, `adet`, `kar_zarar`, `islem_durumu`) VALUES
(1, 'otosan', '10', '20', '100', '10', 0),
(2, 'asdasd', '10', '10', '100', '0', 0),
(3, 'asddd', '101', '201', '1001', '20', 0),
(4, 'fcvv', '101', '111', '1001', '30', 0),
(5, 'ert', '10', '111', '100', '40', 0),
(6, 'mnb1', '10', '11', '10', '10', 1),
(7, 'tgb', '10', '12', '12', '24', 1),
(8, 'aer', '10', '13', '10', '30', 1),
(9, 'qwcv', '10', '14', '10', '40', 1),
(10, 'deneme', '10', '15', '10', '50', 1),
(11, 'deneme2', '10', '16', '10', '60', 1);

-- --------------------------------------------------------

--
-- Tablo için tablo yapısı `toplam_gunluk_karzarar`
--

CREATE TABLE `toplam_gunluk_karzarar` (
  `id` int(11) NOT NULL,
  `kar_zarar` mediumtext NOT NULL,
  `tarih` varchar(250) NOT NULL
) ENGINE=InnoDB DEFAULT CHARSET=utf8mb4 COLLATE=utf8mb4_general_ci;

--
-- Tablo döküm verisi `toplam_gunluk_karzarar`
--

INSERT INTO `toplam_gunluk_karzarar` (`id`, `kar_zarar`, `tarih`) VALUES
(1, '330', '13'),
(2, '330', '13'),
(3, '330', '13'),
(4, '330', '12'),
(5, '330', '12'),
(6, '330', '12'),
(7, '330', '12'),
(8, '660', '12'),
(9, '-990', '12'),
(10, '-660', '12'),
(11, '-330', '12'),
(12, '0', '12'),
(13, '330', '12'),
(14, '660', '12'),
(15, '990', '12'),
(16, '1320', '12'),
(17, '1650', '12'),
(18, '330', '12'),
(19, '330', '12'),
(20, '330', '12'),
(21, '330', '12'),
(22, '330', '12'),
(23, '330', '12'),
(24, '330', '12'),
(25, '330', '12'),
(26, '330', '12'),
(27, '330', '12'),
(28, '330', '12'),
(29, '330', '12'),
(30, '330', '12'),
(31, '330', '12'),
(32, '660', '12'),
(33, '990', '12'),
(34, '1320', '12'),
(35, '1650', '12'),
(36, '1980', '12'),
(37, '2421', '12'),
(38, '2862', '12'),
(39, '3303', '12'),
(40, '3714', '12'),
(41, '4125', '12'),
(42, '4496', '12'),
(43, '4867', '12'),
(44, '5238', '12'),
(45, '5609', '12'),
(46, '2224440176', '24'),
(47, '4448874743', '24'),
(48, '6673309310', '24'),
(49, '8897743877', '24'),
(50, '11122178444', '24'),
(51, '13346613011', '24'),
(52, '15571047578', '24'),
(53, '17795482145', '24'),
(54, '20019916712', '24'),
(55, '22244351279', '24'),
(56, '24468785846', '24'),
(57, '22244351279', '24'),
(58, '20019916712', '24'),
(59, '17795482145', '24'),
(60, '15571047578', '24'),
(61, '13346613011', '24'),
(62, '15571047578', '24'),
(63, '15571047578', '24'),
(64, '15571047578', '24'),
(65, '15571047578', '24'),
(66, '15571047578', '24'),
(67, '15571047578', '24'),
(68, '15571047578', '24'),
(69, '15571047578', '24'),
(70, '15571047578', '24'),
(71, '15571047578', '24'),
(72, '15571047578', '24'),
(73, '15571047578', '24'),
(74, '15571047578', '24'),
(75, '15571047578', '24'),
(76, '15571047578', '24'),
(77, '15571047578', '24'),
(78, '15571047578', '24'),
(79, '15571047578', '24'),
(80, '15571047578', '24'),
(81, '15571047578', '24'),
(82, '15571047578', '24'),
(83, '15571047578', '24'),
(84, '15571047578', '24'),
(85, '15571047578', '24'),
(86, '15571047578', '24'),
(87, '15571047578', '24'),
(88, '15571047578', '24'),
(89, '15571047578', '24'),
(90, '15571047578', '24'),
(91, '15571047578', '24'),
(92, '15571047578', '24'),
(93, '15571047578', '24'),
(94, '15571047578', '24'),
(95, '15571047578', '24'),
(96, '15571047578', '24'),
(97, '15571047578', '24'),
(98, '15571047578', '24'),
(99, '15571047578', '24'),
(100, '15571047578', '24'),
(101, '15571047578', '24'),
(102, '15571047578', '24'),
(103, '15571047578', '24'),
(104, '15571047578', '24'),
(105, '15571047578', '24'),
(106, '15571047578', '24'),
(107, '15571047578', '24'),
(108, '15571047578', '24'),
(109, '15571047578', '24'),
(110, '15571047578', '24'),
(111, '15571047578', '24'),
(112, '15571047578', '24'),
(113, '15571047578', '24'),
(114, '15571047578', '24'),
(115, '15571047578', '24'),
(116, '15571047578', '24'),
(117, '15571047578', '24'),
(118, '15571047578', '24'),
(119, '15571047578', '24'),
(120, '15571047578', '24'),
(121, '15571047578', '24'),
(122, '15571047578', '24'),
(123, '15571047578', '24'),
(124, '15571047578', '24'),
(125, '15571047578', '24'),
(126, '15571047578', '24'),
(127, '15571047578', '24'),
(128, '15571047578', '24'),
(129, '15571047578', '24'),
(130, '15571047578', '24'),
(131, '15571047578', '24'),
(132, '15571047578', '24'),
(133, '15571047578', '24'),
(134, '15571047578', '24'),
(135, '15571047578', '24'),
(136, '15571047578', '24'),
(137, '15571047578', '24'),
(138, '15571047578', '24'),
(139, '15571047578', '24'),
(140, '15571047578', '24'),
(141, '15571047578', '24'),
(142, '15571047578', '24'),
(143, '15571047578', '24');

-- --------------------------------------------------------

--
-- Tablo için tablo yapısı `toplam_karzarar`
--

CREATE TABLE `toplam_karzarar` (
  `id` int(11) NOT NULL,
  `kar_zarar` varchar(250) NOT NULL
) ENGINE=InnoDB DEFAULT CHARSET=utf8mb4 COLLATE=utf8mb4_general_ci;

--
-- Dökümü yapılmış tablolar için indeksler
--

--
-- Tablo için indeksler `gunluk_hisse`
--
ALTER TABLE `gunluk_hisse`
  ADD PRIMARY KEY (`id`),
  ADD KEY `hisse_id` (`hisse_id`);

--
-- Tablo için indeksler `haftalik_karzarar`
--
ALTER TABLE `haftalik_karzarar`
  ADD PRIMARY KEY (`id`);

--
-- Tablo için indeksler `hisseler`
--
ALTER TABLE `hisseler`
  ADD PRIMARY KEY (`id`);

--
-- Tablo için indeksler `toplam_gunluk_karzarar`
--
ALTER TABLE `toplam_gunluk_karzarar`
  ADD PRIMARY KEY (`id`);

--
-- Tablo için indeksler `toplam_karzarar`
--
ALTER TABLE `toplam_karzarar`
  ADD PRIMARY KEY (`id`);

--
-- Dökümü yapılmış tablolar için AUTO_INCREMENT değeri
--

--
-- Tablo için AUTO_INCREMENT değeri `gunluk_hisse`
--
ALTER TABLE `gunluk_hisse`
  MODIFY `id` int(11) NOT NULL AUTO_INCREMENT, AUTO_INCREMENT=938;

--
-- Tablo için AUTO_INCREMENT değeri `haftalik_karzarar`
--
ALTER TABLE `haftalik_karzarar`
  MODIFY `id` int(11) NOT NULL AUTO_INCREMENT;

--
-- Tablo için AUTO_INCREMENT değeri `hisseler`
--
ALTER TABLE `hisseler`
  MODIFY `id` int(11) NOT NULL AUTO_INCREMENT, AUTO_INCREMENT=12;

--
-- Tablo için AUTO_INCREMENT değeri `toplam_gunluk_karzarar`
--
ALTER TABLE `toplam_gunluk_karzarar`
  MODIFY `id` int(11) NOT NULL AUTO_INCREMENT, AUTO_INCREMENT=144;

--
-- Tablo için AUTO_INCREMENT değeri `toplam_karzarar`
--
ALTER TABLE `toplam_karzarar`
  MODIFY `id` int(11) NOT NULL AUTO_INCREMENT;

--
-- Dökümü yapılmış tablolar için kısıtlamalar
--

--
-- Tablo kısıtlamaları `gunluk_hisse`
--
ALTER TABLE `gunluk_hisse`
  ADD CONSTRAINT `gunluk_hisse_ibfk_1` FOREIGN KEY (`hisse_id`) REFERENCES `hisseler` (`id`) ON DELETE CASCADE;
COMMIT;

/*!40101 SET CHARACTER_SET_CLIENT=@OLD_CHARACTER_SET_CLIENT */;
/*!40101 SET CHARACTER_SET_RESULTS=@OLD_CHARACTER_SET_RESULTS */;
/*!40101 SET COLLATION_CONNECTION=@OLD_COLLATION_CONNECTION */;
